Country,Response_measure,date_start,date_end
Austria,AdaptationOfWorkplace,16/03/2020,13/04/2020
Austria,AdaptationOfWorkplace,01/04/2021,NA
Austria,BanOnAllEvents,03/11/2020,18/05/2021
Austria,ClosDaycare,16/03/2020,04/05/2020
Austria,ClosDaycare,17/11/2020,07/12/2020
Austria,ClosHigh,16/03/2020,30/09/2020
Austria,ClosPrim,17/11/2020,07/12/2020
Austria,ClosPrim,26/12/2020,06/02/2021
Austria,ClosPrimPartial,16/03/2020,18/05/2020
Austria,ClosPubAny,16/03/2020,13/04/2020
Austria,ClosPubAny,02/05/2020,14/05/2020
Austria,ClosPubAny,16/11/2020,06/12/2020
Austria,ClosPubAny,28/12/2020,06/02/2021
Austria,ClosPubAnyPartial,14/04/2020,01/05/2020
Austria,ClosPubAnyPartial,15/05/2020,15/11/2020
Austria,ClosPubAnyPartial,07/12/2020,27/12/2020
Austria,ClosSec,03/11/2020,07/02/2021
Austria,ClosSecPartial,16/03/2020,03/06/2020
Austria,ClosSecPartial,08/02/2021,16/05/2021
Austria,EntertainmentVenues,16/03/2020,30/04/2020
Austria,EntertainmentVenues,03/11/2020,07/02/2021
Austria,GymsSportsCentres,03/11/2020,18/05/2021
Austria,HotelsOtherAccommodation,31/03/2020,29/05/2020
Austria,HotelsOtherAccommodation,03/11/2020,18/05/2021
Austria,IndoorOver100,11/03/2020,30/06/2020
Austria,IndoorOver1000,01/08/2020,13/09/2020
Austria,IndoorOver50,14/09/2020,02/11/2020
Austria,IndoorOver500,01/07/2020,31/07/2020
Austria,MasksMandatoryAllSpaces,14/09/2020,09/06/2021
Austria,MasksMandatoryClosedSpacesPartial,15/06/2020,08/07/2020
Austria,MasksVoluntaryClosedSpacesPartial,31/03/2020,05/04/2020
Austria,MassGather50,03/11/2020,18/05/2021
Austria,MassGather50Partial,14/09/2020,02/11/2020
Austria,MassGatherAll,11/03/2020,31/07/2020
Austria,MassGatherAll,03/11/2020,18/05/2021
Austria,MassGatherAllPartial,01/08/2020,02/11/2020
Austria,NonEssentialShops,16/03/2020,13/04/2020
Austria,NonEssentialShops,17/11/2020,06/12/2020
Austria,NonEssentialShops,26/12/2020,07/02/2021
Austria,NonEssentialShopsPartial,14/04/2020,01/05/2020
Austria,NonEssentialShopsPartial,07/12/2020,25/12/2020
Austria,OutdoorOver100,14/09/2020,02/11/2020
Austria,OutdoorOver1000,01/08/2020,13/09/2020
Austria,OutdoorOver500,11/03/2020,31/07/2020
Austria,PlaceOfWorship,16/03/2020,14/05/2020
Austria,PlaceOfWorship,16/11/2020,06/12/2020
Austria,PlaceOfWorship,28/12/2020,06/02/2021
Austria,PlaceOfWorshipPartial,15/05/2020,15/11/2020
Austria,PlaceOfWorshipPartial,07/12/2020,27/12/2020
Austria,PrivateGatheringRestrictions,16/03/2020,30/04/2020
Austria,PrivateGatheringRestrictions,23/10/2020,16/11/2020
Austria,QuarantineForInternationalTravellers,10/03/2020,NA
Austria,RegionalStayHomeOrder,01/04/2021,02/05/2021
Austria,RestaurantsCafes,16/03/2020,14/05/2020
Austria,RestaurantsCafes,03/11/2020,14/05/2021
Austria,SocialCircle,17/11/2020,18/05/2021
Austria,StayHomeGen,10/03/2020,15/03/2020
Austria,StayHomeOrder,16/03/2020,30/04/2020
Austria,StayHomeOrder,17/11/2020,06/12/2020
Austria,StayHomeOrder,26/12/2020,07/02/2021
Austria,StayHomeOrderPartial,03/11/2020,16/11/2020
Austria,StayHomeOrderPartial,07/12/2020,25/12/2020
Austria,StayHomeOrderPartial,08/02/2021,15/05/2021
Belgium,BanOnAllEvents,29/10/2020,07/03/2021
Belgium,ClosDaycare,18/05/2020,02/06/2020
Belgium,ClosDaycare,12/11/2020,15/11/2020
Belgium,ClosHigh,13/03/2020,19/08/2020
Belgium,ClosHigh,12/11/2020,15/11/2020
Belgium,ClosHighPartial,20/08/2020,11/11/2020
Belgium,ClosPrim,13/03/2020,07/06/2020
Belgium,ClosPrim,12/11/2020,16/11/2020
Belgium,ClosPrim,29/03/2021,18/04/2021
Belgium,ClosPubAny,13/03/2020,03/05/2020
Belgium,ClosPubAnyPartial,04/05/2020,NA
Belgium,ClosSec,13/03/2020,17/05/2020
Belgium,ClosSec,12/11/2020,15/11/2020
Belgium,ClosSec,29/03/2021,18/04/2021
Belgium,ClosSecPartial,18/05/2020,19/08/2020
Belgium,EntertainmentVenues,13/03/2020,30/06/2020
Belgium,EntertainmentVenues,29/10/2020,07/05/2021
Belgium,EntertainmentVenuesPartial,01/07/2020,28/10/2020
Belgium,GymsSportsCentres,13/03/2020,03/05/2020
Belgium,GymsSportsCentresPartial,04/05/2020,30/06/2020
Belgium,GymsSportsCentresPartial,29/10/2020,NA
Belgium,IndoorOver1000,10/03/2020,17/03/2020
Belgium,IndoorOver500,01/07/2020,28/10/2020
Belgium,MasksMandatoryAllSpacesPartial,04/05/2020,NA
Belgium,MassGather50,29/10/2020,07/03/2021
Belgium,MassGather50,01/05/2021,08/06/2021
Belgium,MassGatherAll,10/03/2020,17/03/2020
Belgium,MassGatherAll,01/07/2020,07/03/2021
Belgium,MassGatherAll,01/05/2021,08/06/2021
Belgium,NonEssentialShops,13/03/2020,03/05/2020
Belgium,NonEssentialShops,30/10/2020,30/11/2020
Belgium,NonEssentialShopsPartial,04/05/2020,22/09/2020
Belgium,NonEssentialShopsPartial,19/10/2020,29/10/2020
Belgium,OutdoorOver50,01/05/2021,08/06/2021
Belgium,OutdoorOver500,01/07/2020,28/10/2020
Belgium,PlaceOfWorship,13/03/2020,07/06/2020
Belgium,PlaceOfWorshipPartial,08/06/2020,27/10/2020
Belgium,PrivateGatheringRestrictions,01/07/2020,07/03/2021
Belgium,PrivateGatheringRestrictionsPartial,08/03/2021,19/03/2021
Belgium,QuarantineForInternationalTravellers,08/07/2020,24/11/2020
Belgium,QuarantineForInternationalTravellers,31/12/2020,NA
Belgium,QuarantineForInternationalTravellersPartial,25/11/2020,30/12/2020
Belgium,RegionalStayHomeOrderPartial,28/07/2020,26/08/2020
Belgium,RestaurantsCafes,13/03/2020,07/06/2020
Belgium,RestaurantsCafes,19/10/2020,25/04/2021
Belgium,RestaurantsCafesPartial,08/06/2020,18/10/2020
Belgium,SocialCircle,18/03/2020,08/06/2021
Belgium,StayHomeGen,10/05/2020,18/10/2020
Belgium,StayHomeOrder,18/03/2020,09/05/2020
Belgium,StayHomeOrderPartial,19/10/2020,07/05/2021
Belgium,Teleworking,10/03/2020,NA
Bulgaria,AdaptationOfWorkplace,01/10/2020,30/04/2021
Bulgaria,BanOnAllEvents,08/03/2020,14/05/2020
Bulgaria,BanOnAllEventsPartial,15/05/2020,30/06/2020
Bulgaria,ClosDaycare,13/03/2020,21/05/2020
Bulgaria,ClosDaycare,27/11/2020,03/01/2021
Bulgaria,ClosDaycare,22/03/2021,31/03/2021
Bulgaria,ClosDaycarePartial,22/05/2020,14/06/2020
Bulgaria,ClosHigh,13/03/2020,31/05/2020
Bulgaria,ClosHighPartial,01/06/2020,31/05/2021
Bulgaria,ClosPrim,13/03/2020,14/09/2020
Bulgaria,ClosPrim,27/11/2020,03/01/2021
Bulgaria,ClosPrim,22/03/2021,31/03/2021
Bulgaria,ClosPubAny,13/03/2020,17/05/2020
Bulgaria,ClosPubAny,22/03/2021,31/03/2021
Bulgaria,ClosPubAnyPartial,18/05/2020,14/06/2020
Bulgaria,ClosPubAnyPartial,29/10/2020,21/03/2021
Bulgaria,ClosPubAnyPartial,01/04/2021,NA
Bulgaria,ClosSec,13/03/2020,14/09/2020
Bulgaria,ClosSecPartial,29/10/2020,31/05/2021
Bulgaria,EntertainmentVenues,13/03/2020,17/05/2020
Bulgaria,EntertainmentVenues,22/03/2021,31/03/2021
Bulgaria,EntertainmentVenuesPartial,14/11/2020,21/03/2021
Bulgaria,GymsSportsCentres,13/03/2020,17/05/2020
Bulgaria,GymsSportsCentres,22/03/2021,31/03/2021
Bulgaria,GymsSportsCentresPartial,18/05/2020,14/06/2020
Bulgaria,GymsSportsCentresPartial,27/11/2020,21/03/2021
Bulgaria,GymsSportsCentresPartial,01/04/2021,NA
Bulgaria,MasksMandatoryAllSpaces,12/04/2020,30/04/2020
Bulgaria,MasksMandatoryAllSpacesPartial,01/05/2020,NA
Bulgaria,MasksVoluntaryAllSpaces,31/03/2020,11/04/2020
Bulgaria,MassGather50,08/03/2020,14/05/2020
Bulgaria,MassGather50Partial,15/05/2020,30/06/2020
Bulgaria,MassGatherAll,08/03/2020,12/03/2020
Bulgaria,MassGatherAllPartial,13/03/2020,30/06/2020
Bulgaria,NonEssentialShops,13/03/2020,17/05/2020
Bulgaria,NonEssentialShops,27/11/2020,31/01/2021
Bulgaria,NonEssentialShops,22/03/2021,31/03/2021
Bulgaria,PrivateGatheringRestrictions,08/03/2020,30/06/2020
Bulgaria,PrivateGatheringRestrictions,27/11/2020,31/05/2021
Bulgaria,QuarantineForInternationalTravellers,17/03/2020,27/07/2020
Bulgaria,QuarantineForInternationalTravellers,01/08/2020,30/11/2020
Bulgaria,QuarantineForInternationalTravellersPartial,28/07/2020,31/07/2020
Bulgaria,QuarantineForInternationalTravellersPartial,01/12/2020,NA
Bulgaria,RestaurantsCafes,13/03/2020,31/05/2020
Bulgaria,RestaurantsCafes,27/11/2020,28/02/2021
Bulgaria,RestaurantsCafes,22/03/2021,31/03/2021
Bulgaria,RestaurantsCafesPartial,29/10/2020,26/11/2020
Bulgaria,RestaurantsCafesPartial,01/03/2021,21/03/2021
Bulgaria,StayHomeGen,24/02/2020,11/03/2020
Bulgaria,Teleworking,13/03/2020,29/03/2020
Bulgaria,TeleworkingPartial,14/11/2020,30/04/2021
Croatia,BanOnAllEvents,19/03/2020,04/05/2020
Croatia,ClosDaycare,16/03/2020,10/05/2020
Croatia,ClosHigh,16/03/2020,17/06/2020
Croatia,ClosPrim,16/03/2020,10/05/2020
Croatia,ClosPrimPartial,11/05/2020,17/06/2020
Croatia,ClosPubAnyPartial,19/03/2020,NA
Croatia,ClosSec,16/03/2020,17/06/2020
Croatia,ClosureOfPublicTransport,22/03/2020,27/04/2020
Croatia,EntertainmentVenuesPartial,19/03/2020,28/05/2020
Croatia,GymsSportsCentres,19/03/2020,12/05/2020
Croatia,GymsSportsCentres,28/11/2020,14/02/2021
Croatia,GymsSportsCentresPartial,15/02/2021,NA
Croatia,IndoorOver50,05/05/2020,27/05/2021
Croatia,MasksMandatoryAllSpaces,25/10/2020,02/07/2021
Croatia,MasksMandatoryAllSpacesPartial,03/07/2021,NA
Croatia,MasksMandatoryClosedSpaces,24/04/2020,24/10/2020
Croatia,MassGather50,19/03/2020,27/05/2021
Croatia,MassGatherAll,19/03/2020,27/05/2021
Croatia,NonEssentialShopsPartial,19/03/2020,25/05/2020
Croatia,OutdoorOver50,05/05/2020,26/10/2020
Croatia,OutdoorOver50,28/11/2020,27/05/2021
Croatia,QuarantineForInternationalTravellersPartial,11/05/2020,NA
Croatia,RestaurantsCafes,19/03/2020,11/05/2020
Croatia,RestaurantsCafes,28/11/2020,28/02/2021
Croatia,RestaurantsCafesPartial,12/05/2020,27/11/2020
Croatia,StayHomeOrder,23/03/2020,10/05/2020
Croatia,StayHomeRiskG,03/03/2020,NA
Croatia,Teleworking,19/03/2020,27/05/2020
Cyprus,BanOnAllEvents,10/03/2020,24/06/2020
Cyprus,BanOnAllEventsPartial,05/11/2020,16/05/2021
Cyprus,ClosDaycare,10/03/2020,09/06/2020
Cyprus,ClosHigh,10/03/2020,11/05/2020
Cyprus,ClosHigh,14/12/2020,09/05/2021
Cyprus,ClosPrim,10/03/2020,21/05/2020
Cyprus,ClosPrim,10/01/2021,07/02/2021
Cyprus,ClosPubAny,13/03/2020,03/05/2020
Cyprus,ClosPubAnyPartial,04/05/2020,29/06/2020
Cyprus,ClosPubAnyPartial,05/11/2020,NA
Cyprus,ClosSec,10/03/2020,10/05/2020
Cyprus,ClosSec,14/12/2020,07/02/2021
Cyprus,ClosSecPartial,11/05/2020,21/05/2020
Cyprus,ClosSecPartial,08/02/2021,31/03/2021
Cyprus,EntertainmentVenues,16/03/2020,20/05/2020
Cyprus,EntertainmentVenues,11/12/2020,07/02/2021
Cyprus,EntertainmentVenues,26/04/2021,09/05/2021
Cyprus,EntertainmentVenuesPartial,21/05/2020,29/06/2020
Cyprus,EntertainmentVenuesPartial,08/02/2021,25/04/2021
Cyprus,EntertainmentVenuesPartial,10/05/2021,NA
Cyprus,GymsSportsCentres,13/03/2020,03/05/2020
Cyprus,GymsSportsCentres,08/01/2021,31/03/2021
Cyprus,GymsSportsCentres,26/04/2021,09/05/2021
Cyprus,GymsSportsCentresPartial,04/05/2020,13/06/2020
Cyprus,GymsSportsCentresPartial,10/05/2021,NA
Cyprus,HotelsOtherAccommodation,16/03/2020,03/05/2020
Cyprus,HotelsOtherAccommodationPartial,04/05/2020,09/06/2020
Cyprus,HotelsOtherAccommodationPartial,17/05/2021,19/07/2021
Cyprus,IndoorOver100,12/07/2020,04/11/2020
Cyprus,IndoorOver50,25/06/2020,11/07/2020
Cyprus,MassGather50,10/03/2020,11/07/2020
Cyprus,MassGather50Partial,05/11/2020,16/05/2021
Cyprus,MassGatherAll,10/03/2020,04/11/2020
Cyprus,MassGatherAllPartial,05/11/2020,16/05/2021
Cyprus,NonEssentialShops,16/03/2020,03/05/2020
Cyprus,NonEssentialShops,26/04/2021,09/05/2021
Cyprus,NonEssentialShopsPartial,04/05/2020,09/06/2020
Cyprus,NonEssentialShopsPartial,11/12/2020,07/02/2021
Cyprus,NonEssentialShopsPartial,10/05/2021,NA
Cyprus,OutdoorOver100,12/07/2020,04/11/2020
Cyprus,OutdoorOver50,25/06/2020,11/07/2020
Cyprus,PlaceOfWorship,16/03/2020,03/05/2020
Cyprus,PlaceOfWorshipPartial,04/05/2020,01/06/2020
Cyprus,PlaceOfWorshipPartial,08/02/2021,NA
Cyprus,PrivateGatheringRestrictions,31/03/2020,03/05/2020
Cyprus,PrivateGatheringRestrictions,05/11/2020,07/02/2021
Cyprus,PrivateGatheringRestrictions,26/04/2021,28/05/2021
Cyprus,PrivateGatheringRestrictionsPartial,08/02/2021,25/04/2021
Cyprus,QuarantineForInternationalTravellers,30/06/2020,09/05/2021
Cyprus,QuarantineForInternationalTravellersPartial,10/05/2021,NA
Cyprus,RestaurantsCafes,16/03/2020,20/05/2020
Cyprus,RestaurantsCafes,11/12/2020,14/03/2021
Cyprus,RestaurantsCafes,26/04/2021,09/05/2021
Cyprus,RestaurantsCafesPartial,21/05/2020,09/06/2020
Cyprus,RestaurantsCafesPartial,05/11/2020,10/12/2020
Cyprus,RestaurantsCafesPartial,15/03/2021,25/04/2021
Cyprus,RestaurantsCafesPartial,10/05/2021,NA
Cyprus,StayHomeOrder,24/03/2020,03/05/2020
Cyprus,StayHomeOrder,10/01/2021,09/05/2021
Cyprus,StayHomeOrderPartial,04/05/2020,21/05/2020
Cyprus,StayHomeOrderPartial,23/10/2020,09/01/2021
Cyprus,StayHomeOrderPartial,10/05/2021,09/06/2021
Cyprus,TeleworkingPartial,08/01/2021,NA
Cyprus,WorkplaceClosures,16/03/2020,14/04/2020
Cyprus,WorkplaceClosuresPartial,15/04/2020,29/06/2020
Czechia,AdaptationOfWorkplace,24/03/2020,11/05/2020
Czechia,AdaptationOfWorkplace,27/12/2020,NA
Czechia,BanOnAllEvents,22/10/2020,03/12/2020
Czechia,BanOnAllEvents,18/12/2020,16/05/2021
Czechia,ClosDaycare,11/03/2020,11/05/2020
Czechia,ClosDaycare,01/03/2021,11/04/2021
Czechia,ClosHigh,11/03/2020,10/05/2020
Czechia,ClosHigh,14/10/2020,23/05/2021
Czechia,ClosHighPartial,11/05/2020,31/08/2020
Czechia,ClosPrim,11/03/2020,10/05/2020
Czechia,ClosPrim,14/10/2020,17/11/2020
Czechia,ClosPrim,21/12/2020,11/04/2021
Czechia,ClosPrimPartial,11/05/2020,31/08/2020
Czechia,ClosPrimPartial,18/11/2020,29/11/2020
Czechia,ClosPrimPartial,12/04/2021,16/05/2021
Czechia,ClosPubAny,16/03/2020,23/04/2020
Czechia,ClosPubAny,14/10/2020,17/11/2020
Czechia,ClosPubAnyPartial,10/03/2020,15/03/2020
Czechia,ClosPubAnyPartial,24/04/2020,13/10/2020
Czechia,ClosPubAnyPartial,18/11/2020,NA
Czechia,ClosSec,11/03/2020,07/06/2020
Czechia,ClosSec,14/10/2020,06/12/2020
Czechia,ClosSec,21/12/2020,23/05/2021
Czechia,ClosSecPartial,08/06/2020,31/08/2020
Czechia,ClosSecPartial,07/12/2020,20/12/2020
Czechia,EntertainmentVenues,16/03/2020,10/05/2020
Czechia,EntertainmentVenues,14/10/2020,02/12/2020
Czechia,EntertainmentVenues,18/12/2020,11/04/2021
Czechia,EntertainmentVenuesPartial,13/03/2020,15/03/2020
Czechia,EntertainmentVenuesPartial,11/05/2020,31/08/2020
Czechia,EntertainmentVenuesPartial,05/10/2020,13/10/2020
Czechia,EntertainmentVenuesPartial,03/12/2020,17/12/2020
Czechia,EntertainmentVenuesPartial,12/04/2021,NA
Czechia,GymsSportsCentres,13/03/2020,26/04/2020
Czechia,GymsSportsCentres,14/10/2020,02/12/2020
Czechia,GymsSportsCentres,18/12/2020,16/05/2021
Czechia,GymsSportsCentresPartial,27/04/2020,13/10/2020
Czechia,GymsSportsCentresPartial,03/12/2020,17/12/2020
Czechia,HotelsOtherAccommodation,16/03/2020,25/05/2020
Czechia,HotelsOtherAccommodation,22/10/2020,03/12/2020
Czechia,HotelsOtherAccommodation,18/12/2020,23/05/2021
Czechia,HotelsOtherAccommodationPartial,24/05/2021,08/06/2021
Czechia,IndoorOver100,04/03/2020,12/03/2020
Czechia,IndoorOver100,11/05/2020,25/05/2020
Czechia,IndoorOver1000,22/06/2020,31/08/2020
Czechia,IndoorOver50,24/05/2021,07/06/2021
Czechia,IndoorOver500,26/05/2020,21/06/2020
Czechia,IndoorOver500,01/09/2020,05/10/2020
Czechia,IndoorOver500,08/06/2021,25/06/2021
Czechia,MasksMandatoryAllSpaces,19/03/2020,03/07/2020
Czechia,MasksMandatoryAllSpacesPartial,04/07/2020,24/07/2020
Czechia,MasksMandatoryClosedSpaces,01/09/2020,20/10/2020
Czechia,MasksMandatoryClosedSpacesPartial,25/07/2020,31/08/2020
Czechia,MassGather50,22/10/2020,07/06/2021
Czechia,MassGatherAll,04/03/2020,12/03/2020
Czechia,MassGatherAll,11/05/2020,05/10/2020
Czechia,NonEssentialShops,14/03/2020,11/05/2020
Czechia,NonEssentialShops,22/10/2020,02/12/2020
Czechia,NonEssentialShops,27/12/2020,10/05/2021
Czechia,NonEssentialShopsPartial,03/12/2020,26/12/2020
Czechia,OutdoorOver100,11/05/2020,25/05/2020
Czechia,OutdoorOver100,24/05/2021,07/06/2021
Czechia,OutdoorOver1000,22/06/2020,05/10/2020
Czechia,OutdoorOver50,04/12/2020,17/12/2020
Czechia,OutdoorOver50,17/05/2021,23/05/2021
Czechia,OutdoorOver500,26/05/2020,21/06/2020
Czechia,OutdoorOver500,08/06/2021,25/06/2021
Czechia,PlaceOfWorship,16/03/2020,23/04/2020
Czechia,PlaceOfWorship,14/10/2020,17/11/2020
Czechia,PlaceOfWorshipPartial,10/03/2020,15/03/2020
Czechia,PlaceOfWorshipPartial,24/04/2020,13/10/2020
Czechia,PlaceOfWorshipPartial,18/11/2020,NA
Czechia,PrivateGatheringRestrictions,12/03/2020,11/05/2020
Czechia,PrivateGatheringRestrictions,05/10/2020,02/12/2020
Czechia,PrivateGatheringRestrictions,27/12/2020,09/05/2021
Czechia,PrivateGatheringRestrictionsPartial,03/12/2020,26/12/2020
Czechia,PrivateGatheringRestrictionsPartial,10/05/2021,NA
Czechia,QuarantineForInternationalTravellers,13/03/2020,30/06/2020
Czechia,QuarantineForInternationalTravellers,01/07/2021,NA
Czechia,RestaurantsCafes,14/03/2020,10/05/2020
Czechia,RestaurantsCafes,14/10/2020,02/12/2020
Czechia,RestaurantsCafes,18/12/2020,16/05/2021
Czechia,RestaurantsCafesPartial,11/05/2020,08/06/2020
Czechia,RestaurantsCafesPartial,03/12/2020,17/12/2020
Czechia,RestaurantsCafesPartial,17/05/2021,NA
Czechia,StayHomeOrder,16/03/2020,24/04/2020
Czechia,StayHomeOrder,22/10/2020,03/11/2020
Czechia,StayHomeOrderPartial,04/11/2020,03/12/2020
Czechia,StayHomeOrderPartial,18/12/2020,11/04/2021
Czechia,Teleworking,22/10/2020,NA
Denmark,AdaptationOfWorkplace,08/05/2020,19/05/2020
Denmark,AdaptationOfWorkplace,22/05/2020,26/05/2020
Denmark,AdaptationOfWorkplace,29/05/2020,NA
Denmark,AdaptationOfWorkplacePartial,20/05/2020,21/05/2020
Denmark,AdaptationOfWorkplacePartial,27/05/2020,28/05/2020
Denmark,BanOnAllEvents,26/10/2020,05/04/2021
Denmark,ClosDaycare,16/03/2020,15/04/2020
Denmark,ClosHigh,16/03/2020,31/07/2020
Denmark,ClosHigh,16/12/2020,28/02/2021
Denmark,ClosHighPartial,06/04/2021,13/06/2021
Denmark,ClosPrim,16/03/2020,15/04/2020
Denmark,ClosPrim,21/12/2020,03/01/2021
Denmark,ClosPrim,05/01/2021,07/02/2021
Denmark,ClosPubAny,28/04/2020,17/05/2020
Denmark,ClosPubAny,16/12/2020,12/04/2021
Denmark,ClosPubAnyPartial,11/03/2020,27/04/2020
Denmark,ClosPubAnyPartial,18/05/2020,15/12/2020
Denmark,ClosSec,16/03/2020,18/05/2020
Denmark,ClosSec,16/12/2020,28/02/2021
Denmark,ClosSecPartial,06/04/2021,20/05/2021
Denmark,EntertainmentVenues,18/03/2020,08/06/2020
Denmark,EntertainmentVenues,16/12/2020,20/05/2021
Denmark,GymsSportsCentres,18/03/2020,08/06/2020
Denmark,GymsSportsCentres,16/12/2020,20/04/2021
Denmark,IndoorOver100,11/06/2021,30/06/2021
Denmark,IndoorOver50,18/03/2020,14/06/2020
Denmark,IndoorOver50,21/05/2021,10/06/2021
Denmark,IndoorOver500,15/06/2020,25/10/2020
Denmark,IndoorOver500,01/07/2021,31/07/2021
Denmark,MasksMandatoryClosedSpaces,29/10/2020,10/06/2021
Denmark,MasksVoluntaryClosedSpacesPartial,21/08/2020,22/08/2020
Denmark,MassGather50,18/03/2020,14/06/2020
Denmark,MassGather50,26/10/2020,05/04/2021
Denmark,MassGather50,06/05/2021,10/06/2021
Denmark,MassGatherAll,18/03/2020,14/06/2020
Denmark,MassGatherAll,11/06/2021,31/07/2021
Denmark,MassGatherAllPartial,15/06/2020,10/06/2021
Denmark,NonEssentialShops,28/04/2020,10/05/2020
Denmark,NonEssentialShops,16/12/2020,28/02/2021
Denmark,NonEssentialShops,06/04/2021,12/04/2021
Denmark,NonEssentialShopsPartial,11/03/2020,27/04/2020
Denmark,NonEssentialShopsPartial,13/04/2021,20/04/2021
Denmark,OutdoorOver100,05/09/2020,25/10/2020
Denmark,OutdoorOver100,06/04/2021,05/05/2021
Denmark,OutdoorOver100,21/05/2021,10/06/2021
Denmark,OutdoorOver50,18/03/2020,20/04/2020
Denmark,OutdoorOver50,06/05/2021,20/05/2021
Denmark,OutdoorOver500,21/04/2020,04/09/2020
Denmark,PlaceOfWorship,18/03/2020,18/05/2020
Denmark,PrivateGatheringRestrictions,18/03/2020,14/06/2020
Denmark,PrivateGatheringRestrictions,26/10/2020,05/07/2021
Denmark,QuarantineForInternationalTravellers,18/03/2020,30/03/2020
Denmark,RestaurantsCafes,18/03/2020,17/05/2020
Denmark,RestaurantsCafes,16/12/2020,20/04/2021
Denmark,RestaurantsCafesPartial,18/05/2020,15/12/2020
Denmark,StayHomeRiskG,14/03/2020,NA
Denmark,Teleworking,13/03/2020,14/06/2020
Denmark,Teleworking,16/12/2020,20/05/2021
Denmark,TeleworkingPartial,15/06/2020,15/12/2020
Denmark,TeleworkingPartial,21/05/2021,31/07/2021
Denmark,WorkplaceClosures,13/03/2020,10/05/2020
Estonia,AdaptationOfWorkplacePartial,16/03/2020,NA
Estonia,BanOnAllEventsPartial,03/03/2021,02/05/2021
Estonia,ClosDaycarePartial,11/03/2021,02/05/2021
Estonia,ClosHigh,16/03/2020,17/05/2020
Estonia,ClosHigh,14/12/2020,31/12/2020
Estonia,ClosHigh,01/03/2021,16/05/2021
Estonia,ClosPrim,16/03/2020,17/05/2020
Estonia,ClosPrim,14/12/2020,31/12/2020
Estonia,ClosPrim,11/03/2021,02/05/2021
Estonia,ClosPubAny,12/03/2020,16/05/2020
Estonia,ClosPubAnyPartial,17/05/2020,01/07/2020
Estonia,ClosPubAnyPartial,19/08/2020,22/06/2021
Estonia,ClosPubAnyPartial,09/08/2021,NA
Estonia,ClosSec,16/03/2020,17/05/2020
Estonia,ClosSec,14/12/2020,10/01/2021
Estonia,ClosSec,01/03/2021,02/05/2021
Estonia,ClosSecPartial,03/05/2021,16/05/2021
Estonia,EntertainmentVenues,12/03/2020,16/05/2020
Estonia,EntertainmentVenues,03/03/2021,02/05/2021
Estonia,EntertainmentVenuesPartial,17/05/2020,01/07/2020
Estonia,EntertainmentVenuesPartial,16/11/2020,02/03/2021
Estonia,EntertainmentVenuesPartial,03/05/2021,22/06/2021
Estonia,GymsSportsCentres,16/03/2020,17/05/2020
Estonia,GymsSportsCentres,11/03/2021,02/05/2021
Estonia,GymsSportsCentresPartial,19/08/2020,10/03/2021
Estonia,GymsSportsCentresPartial,03/05/2021,22/06/2021
Estonia,IndoorOver100,01/06/2020,14/07/2020
Estonia,IndoorOver100,28/11/2020,02/03/2021
Estonia,IndoorOver100,03/05/2021,23/05/2021
Estonia,IndoorOver1000,15/07/2020,27/11/2020
Estonia,IndoorOver1000,28/06/2021,08/08/2021
Estonia,IndoorOver50,18/05/2020,31/05/2020
Estonia,IndoorOver500,24/05/2021,27/06/2021
Estonia,MasksMandatoryClosedSpaces,24/11/2020,01/06/2021
Estonia,MasksVoluntaryClosedSpaces,12/03/2020,16/05/2020
Estonia,MasksVoluntaryClosedSpacesPartial,17/05/2020,31/07/2020
Estonia,MasksVoluntaryClosedSpacesPartial,12/10/2020,23/11/2020
Estonia,MassGather50,18/05/2020,31/05/2020
Estonia,MassGather50Partial,03/03/2021,02/05/2021
Estonia,MassGatherAll,18/05/2020,31/05/2020
Estonia,MassGatherAll,15/07/2020,02/03/2021
Estonia,MassGatherAllPartial,01/06/2020,14/07/2020
Estonia,NonEssentialShops,27/03/2020,17/05/2020
Estonia,NonEssentialShops,11/03/2021,02/05/2021
Estonia,NonEssentialShopsPartial,06/03/2021,10/03/2021
Estonia,NonEssentialShopsPartial,03/05/2021,22/06/2021
Estonia,OutdoorOver100,18/05/2020,30/06/2020
Estonia,OutdoorOver100,22/02/2021,02/03/2021
Estonia,OutdoorOver1000,01/07/2020,23/11/2020
Estonia,OutdoorOver1000,11/06/2021,27/06/2021
Estonia,OutdoorOver1000,02/08/2021,08/08/2021
Estonia,OutdoorOver500,24/11/2020,21/02/2021
Estonia,OutdoorOver500,03/05/2021,10/06/2021
Estonia,PlaceOfWorship,12/03/2020,10/05/2020
Estonia,PlaceOfWorshipPartial,24/12/2020,22/06/2021
Estonia,PlaceOfWorshipPartial,09/08/2021,NA
Estonia,PrivateGatheringRestrictions,12/03/2020,17/05/2020
Estonia,PrivateGatheringRestrictions,16/11/2020,10/01/2021
Estonia,PrivateGatheringRestrictions,01/02/2021,25/04/2021
Estonia,PrivateGatheringRestrictionsPartial,11/01/2021,31/01/2021
Estonia,PrivateGatheringRestrictionsPartial,26/04/2021,22/06/2021
Estonia,QuarantineForInternationalTravellers,28/01/2020,31/05/2020
Estonia,QuarantineForInternationalTravellers,31/07/2020,31/01/2021
Estonia,QuarantineForInternationalTravellersPartial,01/06/2020,30/07/2020
Estonia,RestaurantsCafes,11/03/2021,02/05/2021
Estonia,RestaurantsCafesPartial,16/11/2020,02/03/2021
Estonia,RestaurantsCafesPartial,06/03/2021,10/03/2021
Estonia,RestaurantsCafesPartial,03/05/2021,22/06/2021
Estonia,StayHomeGen,12/03/2020,17/05/2020
Estonia,TeleworkingPartial,16/03/2020,NA
Finland,ClosHigh,18/03/2020,03/08/2020
Finland,ClosHighPartial,04/08/2020,31/07/2021
Finland,ClosPrim,18/03/2020,14/05/2020
Finland,ClosPubAny,18/03/2020,31/05/2020
Finland,ClosPubAnyPartial,01/06/2020,NA
Finland,ClosSec,18/03/2020,03/08/2020
Finland,ClosSecPartial,04/08/2020,31/07/2021
Finland,EntertainmentVenues,18/03/2020,31/05/2020
Finland,EntertainmentVenuesPartial,01/06/2020,NA
Finland,GymsSportsCentres,18/03/2020,01/06/2020
Finland,IndoorOver50,18/03/2020,31/07/2020
Finland,IndoorOver500,12/03/2020,17/03/2020
Finland,IndoorOver500,01/08/2020,14/10/2020
Finland,MasksVoluntaryClosedSpaces,18/09/2020,NA
Finland,MasksVoluntaryClosedSpacesPartial,13/08/2020,17/09/2020
Finland,MassGather50,18/03/2020,30/06/2020
Finland,MassGather50Partial,01/07/2020,31/07/2020
Finland,MassGatherAll,12/03/2020,30/06/2020
Finland,OutdoorOver50,18/03/2020,01/07/2020
Finland,OutdoorOver500,12/03/2020,17/03/2020
Finland,OutdoorOver500,02/07/2020,14/10/2020
Finland,QuarantineForInternationalTravellers,18/03/2020,14/06/2020
Finland,QuarantineForInternationalTravellersPartial,15/06/2020,NA
Finland,RestaurantsCafes,18/03/2020,31/05/2020
Finland,RestaurantsCafesPartial,01/06/2020,13/07/2020
Finland,RestaurantsCafesPartial,01/10/2020,18/04/2021
Finland,StayHomeRiskG,16/03/2020,22/06/2020
Finland,StayHomeRiskGPartial,23/06/2020,01/07/2021
Finland,Teleworking,18/03/2020,01/08/2020
France,BanOnAllEvents,19/10/2020,29/06/2021
France,ClosDaycare,16/03/2020,01/06/2020
France,ClosDaycare,06/04/2021,26/04/2021
France,ClosDaycarePartial,02/06/2020,22/06/2020
France,ClosHigh,27/10/2020,24/01/2021
France,ClosHighPartial,16/03/2020,22/06/2020
France,ClosPrim,06/04/2021,26/04/2021
France,ClosPrimPartial,16/03/2020,22/06/2020
France,ClosPubAny,16/03/2020,10/05/2020
France,ClosPubAnyPartial,11/05/2020,22/06/2020
France,ClosPubAnyPartial,28/10/2020,NA
France,ClosSec,16/03/2020,10/05/2020
France,ClosSec,06/04/2021,02/05/2021
France,ClosSecPartial,11/05/2020,22/06/2020
France,EntertainmentVenues,16/03/2020,01/06/2020
France,EntertainmentVenues,28/10/2020,18/05/2021
France,EntertainmentVenuesPartial,02/06/2020,22/06/2020
France,GymsSportsCentres,16/03/2020,22/06/2020
France,GymsSportsCentres,28/10/2020,18/05/2021
France,GymsSportsCentresPartial,19/05/2021,NA
France,IndoorOver1000,29/02/2020,18/10/2020
France,MasksMandatoryAllSpaces,29/10/2020,16/06/2021
France,MasksMandatoryClosedSpaces,20/07/2020,28/10/2020
France,MasksMandatoryClosedSpacesPartial,11/05/2020,19/07/2020
France,MasksVoluntaryAllSpaces,11/05/2020,19/07/2020
France,MassGather50,19/10/2020,29/06/2021
France,MassGather50Partial,18/09/2020,18/10/2020
France,MassGatherAll,29/02/2020,17/09/2020
France,MassGatherAll,19/10/2020,29/06/2021
France,MassGatherAllPartial,18/09/2020,18/10/2020
France,NonEssentialShops,16/03/2020,10/05/2020
France,NonEssentialShops,29/10/2020,27/11/2020
France,NonEssentialShopsPartial,11/05/2020,02/06/2020
France,NonEssentialShopsPartial,28/11/2020,18/05/2021
France,OutdoorOver1000,13/03/2020,11/07/2020
France,OutdoorOver50,18/09/2020,18/10/2020
France,PlaceOfWorshipPartial,28/10/2020,30/06/2021
France,PrivateGatheringRestrictions,17/03/2020,15/06/2020
France,PrivateGatheringRestrictions,28/10/2020,15/12/2020
France,PrivateGatheringRestrictionsPartial,23/09/2020,27/10/2020
France,QuarantineForInternationalTravellersPartial,09/06/2021,NA
France,RegionalStayHomeOrderPartial,17/10/2020,28/10/2020
France,RegionalStayHomeOrderPartial,26/02/2021,19/03/2021
France,RestaurantsCafes,16/03/2020,01/06/2020
France,RestaurantsCafes,28/10/2020,18/05/2021
France,RestaurantsCafesPartial,02/06/2020,15/06/2020
France,StayHomeGen,13/03/2020,15/03/2020
France,StayHomeOrder,17/03/2020,11/05/2020
France,StayHomeOrder,29/10/2020,14/12/2020
France,StayHomeOrderPartial,12/05/2020,02/06/2020
France,StayHomeOrderPartial,17/10/2020,28/10/2020
France,StayHomeOrderPartial,15/12/2020,20/06/2021
France,Teleworking,17/03/2020,10/05/2020
France,Teleworking,29/10/2020,08/06/2021
France,TeleworkingPartial,11/05/2020,28/10/2020
France,WorkplaceClosures,17/03/2020,11/05/2020
Germany,BanOnAllEvents,23/03/2020,10/05/2020
Germany,BanOnAllEvents,02/11/2020,28/03/2021
Germany,BanOnAllEventsPartial,11/05/2020,29/06/2020
Germany,ClosDaycare,13/03/2020,14/05/2020
Germany,ClosDaycarePartial,15/05/2020,01/07/2020
Germany,ClosDaycarePartial,16/12/2020,31/05/2021
Germany,ClosPrim,13/03/2020,03/05/2020
Germany,ClosPrimPartial,04/05/2020,29/06/2020
Germany,ClosPubAny,16/03/2020,04/05/2020
Germany,ClosPubAnyPartial,05/05/2020,NA
Germany,ClosSec,13/03/2020,03/05/2020
Germany,ClosSecPartial,04/05/2020,15/06/2020
Germany,EntertainmentVenues,16/03/2020,04/05/2020
Germany,EntertainmentVenues,02/11/2020,07/03/2021
Germany,EntertainmentVenuesPartial,05/05/2020,01/11/2020
Germany,EntertainmentVenuesPartial,08/03/2021,NA
Germany,GymsSportsCentres,02/11/2020,07/03/2021
Germany,GymsSportsCentresPartial,08/03/2021,31/05/2021
Germany,HotelsOtherAccommodationPartial,07/10/2020,31/05/2021
Germany,IndoorOver100,30/06/2020,28/09/2020
Germany,IndoorOver1000,10/03/2020,22/03/2020
Germany,IndoorOver50,29/09/2020,01/11/2020
Germany,IndoorOver500,01/06/2021,NA
Germany,MasksMandatoryAllSpacesPartial,02/11/2020,20/06/2021
Germany,MasksMandatoryClosedSpaces,28/04/2020,01/11/2020
Germany,MasksVoluntaryAllSpaces,02/04/2020,27/04/2020
Germany,MassGather50,23/03/2020,10/05/2020
Germany,MassGather50,02/11/2020,28/03/2021
Germany,MassGather50Partial,11/05/2020,29/06/2020
Germany,MassGather50Partial,29/09/2020,01/11/2020
Germany,MassGatherAll,10/03/2020,10/05/2020
Germany,MassGatherAll,02/11/2020,28/03/2021
Germany,MassGatherAllPartial,11/05/2020,01/11/2020
Germany,MassGatherAllPartial,01/06/2021,NA
Germany,NonEssentialShops,16/03/2020,20/04/2020
Germany,NonEssentialShops,16/12/2020,07/03/2021
Germany,OutdoorOver100,30/06/2020,01/11/2020
Germany,OutdoorOver500,01/06/2021,NA
Germany,PlaceOfWorshipPartial,16/12/2020,31/05/2021
Germany,PrivateGatheringRestrictions,02/11/2020,31/05/2021
Germany,QuarantineForInternationalTravellers,14/02/2020,15/06/2020
Germany,QuarantineForInternationalTravellers,08/11/2020,11/05/2021
Germany,QuarantineForInternationalTravellersPartial,16/06/2020,07/11/2020
Germany,QuarantineForInternationalTravellersPartial,12/05/2021,NA
Germany,RestaurantsCafes,23/03/2020,04/05/2020
Germany,RestaurantsCafes,02/11/2020,22/04/2021
Germany,RestaurantsCafesPartial,05/05/2020,08/06/2020
Germany,RestaurantsCafesPartial,14/10/2020,01/11/2020
Germany,RestaurantsCafesPartial,23/04/2021,NA
Germany,StayHomeGen,09/03/2020,05/05/2020
Germany,StayHomeGenPartial,06/05/2020,29/06/2020
Germany,StayHomeOrderPartial,09/12/2020,31/05/2021
Germany,Teleworking,19/01/2021,30/06/2021
Germany,TeleworkingPartial,23/12/2020,18/01/2021
Greece,BanOnAllEvents,07/11/2020,25/01/2021
Greece,BanOnAllEventsPartial,13/07/2020,06/11/2020
Greece,ClosDaycare,11/03/2020,01/06/2020
Greece,ClosDaycare,16/11/2020,10/01/2021
Greece,ClosDaycare,20/03/2021,09/05/2021
Greece,ClosDaycarePartial,06/02/2021,19/03/2021
Greece,ClosDaycarePartial,10/05/2021,17/05/2021
Greece,ClosHigh,16/03/2020,24/05/2020
Greece,ClosPrim,11/03/2020,01/06/2020
Greece,ClosPrim,16/11/2020,10/01/2021
Greece,ClosPrim,20/03/2021,09/05/2021
Greece,ClosPrimPartial,06/02/2021,19/03/2021
Greece,ClosPubAnyPartial,14/03/2020,NA
Greece,ClosSec,11/03/2020,18/05/2020
Greece,ClosSec,07/11/2020,05/02/2021
Greece,ClosSec,20/03/2021,11/04/2021
Greece,ClosSecPartial,06/02/2021,19/03/2021
Greece,ClosSecPartial,12/04/2021,09/05/2021
Greece,EntertainmentVenues,14/03/2020,15/06/2020
Greece,EntertainmentVenues,07/11/2020,20/05/2021
Greece,EntertainmentVenuesPartial,09/08/2020,06/11/2020
Greece,EntertainmentVenuesPartial,21/05/2021,NA
Greece,GymsSportsCentres,07/11/2020,30/05/2021
Greece,GymsSportsCentresPartial,14/03/2020,15/06/2020
Greece,GymsSportsCentresPartial,04/11/2020,06/11/2020
Greece,HotelsOtherAccommodation,15/03/2020,24/05/2020
Greece,HotelsOtherAccommodationPartial,25/05/2020,01/07/2020
Greece,MasksMandatoryAllSpaces,17/07/2020,27/06/2021
Greece,MasksMandatoryClosedSpaces,28/04/2020,06/07/2020
Greece,MasksVoluntaryClosedSpaces,07/07/2020,16/07/2020
Greece,MassGather50,07/11/2020,25/01/2021
Greece,MassGather50Partial,13/07/2020,06/11/2020
Greece,MassGatherAll,07/11/2020,20/05/2021
Greece,MassGatherAllPartial,13/07/2020,06/11/2020
Greece,NonEssentialShops,14/03/2020,01/06/2020
Greece,NonEssentialShops,07/11/2020,17/01/2021
Greece,NonEssentialShopsPartial,18/01/2021,14/05/2021
Greece,OutdoorOver100,26/01/2021,20/05/2021
Greece,PlaceOfWorship,09/08/2020,15/09/2020
Greece,PlaceOfWorshipPartial,14/03/2020,08/08/2020
Greece,PlaceOfWorshipPartial,07/11/2020,NA
Greece,PrivateGatheringRestrictions,19/03/2020,03/05/2020
Greece,PrivateGatheringRestrictions,07/11/2020,13/05/2021
Greece,QuarantineForInternationalTravellers,19/03/2020,30/06/2020
Greece,QuarantineForInternationalTravellers,18/12/2020,18/04/2021
Greece,QuarantineForInternationalTravellersPartial,19/04/2021,NA
Greece,RegionalStayHomeOrder,03/11/2020,06/11/2020
Greece,RegionalStayHomeOrder,11/01/2021,05/02/2021
Greece,RegionalStayHomeOrderPartial,06/02/2021,19/04/2021
Greece,RestaurantsCafes,07/11/2020,02/05/2021
Greece,RestaurantsCafesPartial,14/03/2020,06/11/2020
Greece,RestaurantsCafesPartial,03/05/2021,NA
Greece,SocialCircle,01/01/2021,02/01/2021
Greece,StayHomeGen,27/02/2020,22/03/2020
Greece,StayHomeOrder,23/03/2020,04/05/2020
Greece,StayHomeOrderPartial,07/11/2020,03/07/2021
Greece,StayHomeRiskG,11/03/2020,NA
Greece,Teleworking,19/03/2020,02/11/2020
Greece,TeleworkingPartial,03/11/2020,NA
Hungary,BanOnAllEventsPartial,16/03/2020,11/06/2020
Hungary,BanOnAllEventsPartial,11/11/2020,30/04/2021
Hungary,ClosDaycare,25/03/2020,02/06/2020
Hungary,ClosDaycare,09/03/2021,18/04/2021
Hungary,ClosHigh,25/03/2020,18/05/2020
Hungary,ClosHigh,11/11/2020,07/07/2021
Hungary,ClosPrim,16/03/2020,01/06/2020
Hungary,ClosPrim,08/03/2021,18/04/2021
Hungary,ClosPrimPartial,02/06/2020,26/06/2020
Hungary,ClosPrimPartial,19/04/2021,09/05/2021
Hungary,ClosPubAny,13/03/2020,27/03/2020
Hungary,ClosPubAny,08/03/2021,06/04/2021
Hungary,ClosPubAnyPartial,28/03/2020,18/05/2020
Hungary,ClosPubAnyPartial,21/09/2020,07/03/2021
Hungary,ClosSec,16/03/2020,01/06/2020
Hungary,ClosSec,11/11/2020,09/05/2021
Hungary,ClosSecPartial,02/06/2020,26/06/2020
Hungary,EntertainmentVenues,13/03/2020,18/05/2020
Hungary,EntertainmentVenues,04/11/2020,06/07/2021
Hungary,GymsSportsCentres,11/11/2020,21/05/2021
Hungary,IndoorOver100,11/03/2020,15/03/2020
Hungary,IndoorOver500,21/09/2020,10/11/2020
Hungary,MasksMandatoryAllSpaces,11/11/2020,21/05/2021
Hungary,MasksMandatoryClosedSpaces,02/11/2020,11/11/2020
Hungary,MasksMandatoryClosedSpaces,22/05/2021,06/07/2021
Hungary,MasksMandatoryClosedSpacesPartial,04/05/2020,01/11/2020
Hungary,MassGather50Partial,16/03/2020,11/06/2020
Hungary,MassGatherAll,11/03/2020,15/03/2020
Hungary,MassGatherAllPartial,16/03/2020,11/06/2020
Hungary,NonEssentialShops,08/03/2021,06/04/2021
Hungary,NonEssentialShopsPartial,28/03/2020,18/05/2020
Hungary,NonEssentialShopsPartial,11/11/2020,07/03/2021
Hungary,NonEssentialShopsPartial,07/04/2021,21/05/2021
Hungary,OutdoorOver500,11/03/2020,15/03/2020
Hungary,OutdoorOver500,21/09/2020,10/11/2020
Hungary,PrivateGatheringRestrictions,11/11/2020,21/05/2021
Hungary,RestaurantsCafes,28/03/2020,18/05/2020
Hungary,RestaurantsCafes,11/11/2020,23/04/2021
Hungary,RestaurantsCafesPartial,21/09/2020,10/11/2020
Hungary,StayHomeGen,16/03/2020,26/03/2020
Hungary,StayHomeGen,16/06/2020,03/11/2020
Hungary,StayHomeOrder,27/03/2020,18/05/2020
Hungary,StayHomeOrderPartial,04/11/2020,21/05/2021
Hungary,TeleworkingPartial,08/03/2021,22/03/2021
Iceland,AdaptationOfWorkplace,16/03/2020,17/03/2020
Iceland,ClosHigh,16/03/2020,04/05/2020
Iceland,ClosHigh,25/03/2021,01/04/2021
Iceland,ClosPrim,25/03/2021,01/04/2021
Iceland,ClosPubAny,16/03/2020,03/05/2020
Iceland,ClosPubAnyPartial,04/05/2020,15/06/2020
Iceland,ClosPubAnyPartial,31/08/2020,25/06/2021
Iceland,ClosSec,16/03/2020,04/05/2020
Iceland,ClosSec,25/03/2021,01/04/2021
Iceland,EntertainmentVenues,16/03/2020,03/05/2020
Iceland,EntertainmentVenues,01/11/2020,09/12/2020
Iceland,EntertainmentVenues,24/03/2021,14/04/2021
Iceland,EntertainmentVenuesPartial,04/05/2020,25/05/2020
Iceland,EntertainmentVenuesPartial,31/08/2020,31/10/2020
Iceland,EntertainmentVenuesPartial,10/12/2020,23/03/2021
Iceland,EntertainmentVenuesPartial,15/04/2021,24/05/2021
Iceland,GymsSportsCentres,16/03/2020,17/05/2020
Iceland,GymsSportsCentres,24/03/2021,14/04/2021
Iceland,GymsSportsCentresPartial,18/05/2020,15/06/2020
Iceland,GymsSportsCentresPartial,20/10/2020,23/03/2021
Iceland,GymsSportsCentresPartial,15/04/2021,24/05/2021
Iceland,IndoorOver100,16/03/2020,23/03/2020
Iceland,IndoorOver100,31/07/2020,09/09/2020
Iceland,IndoorOver50,24/03/2020,25/05/2020
Iceland,IndoorOver50,24/02/2021,23/03/2021
Iceland,IndoorOver50,10/05/2021,24/05/2021
Iceland,IndoorOver500,26/05/2020,30/07/2020
Iceland,IndoorOver500,10/09/2020,03/10/2020
Iceland,IndoorOver500,25/05/2021,25/06/2021
Iceland,MasksMandatoryAllSpacesPartial,05/10/2020,24/05/2021
Iceland,MasksVoluntaryAllSpacesPartial,31/07/2020,05/10/2020
Iceland,MassGather50,24/03/2020,25/05/2020
Iceland,MassGather50,04/10/2020,23/03/2021
Iceland,MassGather50,10/05/2021,24/05/2021
Iceland,MassGatherAll,16/03/2020,24/05/2020
Iceland,MassGatherAll,04/10/2020,23/03/2021
Iceland,MassGatherAll,10/05/2021,25/06/2021
Iceland,MassGatherAllPartial,25/05/2020,03/10/2020
Iceland,NonEssentialShopsPartial,05/10/2020,24/05/2021
Iceland,OutdoorOver100,16/03/2020,23/03/2020
Iceland,OutdoorOver100,31/07/2020,07/09/2020
Iceland,OutdoorOver50,24/03/2020,25/05/2020
Iceland,OutdoorOver50,04/10/2020,23/02/2021
Iceland,OutdoorOver50,10/05/2021,24/05/2021
Iceland,OutdoorOver500,26/05/2020,30/07/2020
Iceland,OutdoorOver500,08/09/2020,03/10/2020
Iceland,OutdoorOver500,24/02/2021,23/03/2021
Iceland,OutdoorOver500,25/05/2021,25/06/2021
Iceland,PlaceOfWorship,25/07/2021,13/08/2021
Iceland,PlaceOfWorshipPartial,05/02/2021,15/06/2021
Iceland,PrivateGatheringRestrictions,04/10/2020,23/02/2021
Iceland,PrivateGatheringRestrictions,24/03/2021,09/05/2021
Iceland,QuarantineForInternationalTravellers,28/01/2020,24/01/2021
Iceland,RestaurantsCafes,16/03/2020,25/05/2020
Iceland,RestaurantsCafesPartial,31/10/2020,25/06/2021
Iceland,StayHomeRiskG,16/03/2020,17/03/2020
Ireland,BanOnAllEvents,24/03/2020,28/06/2020
Ireland,BanOnAllEvents,21/10/2020,30/11/2020
Ireland,BanOnAllEvents,31/12/2020,09/05/2021
Ireland,BanOnAllEventsPartial,06/03/2020,08/03/2020
Ireland,BanOnAllEventsPartial,10/05/2021,06/06/2021
Ireland,ClosDaycare,12/03/2020,29/06/2020
Ireland,ClosDaycarePartial,11/01/2021,29/03/2021
Ireland,ClosHigh,12/03/2020,20/09/2020
Ireland,ClosPrim,12/03/2020,24/08/2020
Ireland,ClosPrim,11/01/2021,28/02/2021
Ireland,ClosPrimPartial,01/03/2021,14/03/2021
Ireland,ClosPubAny,12/03/2020,26/03/2020
Ireland,ClosSec,12/03/2020,31/08/2020
Ireland,ClosSec,11/01/2021,28/02/2021
Ireland,ClosSecPartial,01/03/2021,11/04/2021
Ireland,EntertainmentVenues,12/03/2020,29/06/2020
Ireland,EntertainmentVenues,06/10/2020,30/11/2020
Ireland,EntertainmentVenues,25/12/2020,25/04/2021
Ireland,EntertainmentVenuesPartial,01/12/2020,24/12/2020
Ireland,GymsSportsCentres,24/03/2020,29/06/2020
Ireland,GymsSportsCentres,21/10/2020,30/11/2020
Ireland,GymsSportsCentres,31/12/2020,06/06/2021
Ireland,GymsSportsCentresPartial,06/10/2020,20/10/2020
Ireland,GymsSportsCentresPartial,01/12/2020,30/12/2020
Ireland,HotelsOtherAccommodation,24/03/2020,29/06/2020
Ireland,HotelsOtherAccommodation,21/10/2020,01/12/2020
Ireland,HotelsOtherAccommodation,24/12/2020,01/06/2021
Ireland,IndoorOver100,12/03/2020,23/03/2020
Ireland,IndoorOver50,29/06/2020,20/10/2020
Ireland,MassGather50,24/03/2020,30/11/2020
Ireland,MassGather50,31/12/2020,09/05/2021
Ireland,MassGather50Partial,06/03/2020,08/03/2020
Ireland,MassGather50Partial,10/05/2021,06/06/2021
Ireland,MassGatherAll,12/03/2020,30/11/2020
Ireland,MassGatherAll,31/12/2020,09/05/2021
Ireland,MassGatherAllPartial,06/03/2020,08/03/2020
Ireland,MassGatherAllPartial,10/05/2021,06/06/2021
Ireland,NonEssentialShops,24/03/2020,29/06/2020
Ireland,NonEssentialShops,21/10/2020,30/11/2020
Ireland,NonEssentialShops,01/01/2021,09/05/2021
Ireland,NonEssentialShopsPartial,10/05/2021,16/05/2021
Ireland,OutdoorOver100,07/06/2021,04/07/2021
Ireland,OutdoorOver50,24/08/2020,20/10/2020
Ireland,OutdoorOver500,12/03/2020,23/03/2020
Ireland,OutdoorOver500,29/06/2020,23/08/2020
Ireland,PlaceOfWorship,06/10/2020,30/11/2020
Ireland,PlaceOfWorship,31/12/2020,09/05/2021
Ireland,PlaceOfWorshipPartial,01/12/2020,30/12/2020
Ireland,PrivateGatheringRestrictions,24/03/2020,28/06/2020
Ireland,PrivateGatheringRestrictions,21/10/2020,30/11/2020
Ireland,PrivateGatheringRestrictions,31/12/2020,09/05/2021
Ireland,PrivateGatheringRestrictionsPartial,01/12/2020,30/12/2020
Ireland,QuarantineForInternationalTravellers,27/01/2020,13/03/2020
Ireland,RestaurantsCafes,24/03/2020,29/06/2020
Ireland,RestaurantsCafes,21/10/2020,03/12/2020
Ireland,RestaurantsCafes,25/12/2020,06/06/2021
Ireland,RestaurantsCafesPartial,06/10/2020,20/10/2020
Ireland,RestaurantsCafesPartial,04/12/2020,24/12/2020
Ireland,SocialCircle,21/10/2020,NA
Ireland,StayHomeGen,12/03/2020,26/03/2020
Ireland,StayHomeGen,18/05/2020,26/06/2020
Ireland,StayHomeOrder,27/03/2020,17/05/2020
Ireland,StayHomeOrder,21/10/2020,30/11/2020
Ireland,StayHomeOrder,31/12/2020,11/04/2021
Ireland,StayHomeRiskG,12/03/2020,NA
Italy,AdaptationOfWorkplace,10/03/2020,10/06/2020
Italy,AdaptationOfWorkplacePartial,11/06/2020,15/10/2020
Italy,BanOnAllEvents,09/03/2020,11/06/2020
Italy,BanOnAllEvents,06/11/2020,25/04/2021
Italy,BanOnAllEventsPartial,04/03/2020,08/03/2020
Italy,ClosDaycare,10/03/2020,10/06/2020
Italy,ClosDaycarePartial,04/03/2020,09/03/2020
Italy,ClosDaycarePartial,11/06/2020,14/09/2020
Italy,ClosHigh,10/03/2020,10/06/2020
Italy,ClosHigh,04/12/2020,15/01/2021
Italy,ClosHighPartial,04/03/2020,09/03/2020
Italy,ClosHighPartial,11/06/2020,14/09/2020
Italy,ClosHighPartial,05/11/2020,03/12/2020
Italy,ClosPrim,11/03/2020,14/09/2020
Italy,ClosPrimPartial,04/03/2020,10/03/2020
Italy,ClosPubAny,24/12/2020,06/01/2021
Italy,ClosPubAny,07/04/2021,25/04/2021
Italy,ClosPubAnyPartial,10/03/2020,23/12/2020
Italy,ClosPubAnyPartial,07/01/2021,06/04/2021
Italy,ClosPubAnyPartial,26/04/2021,21/06/2021
Italy,ClosPubAnyPartial,06/08/2021,NA
Italy,ClosSec,04/03/2020,16/06/2020
Italy,ClosSec,05/07/2020,14/09/2020
Italy,ClosSec,05/11/2020,06/01/2021
Italy,ClosSecPartial,17/06/2020,04/07/2020
Italy,ClosSecPartial,15/01/2021,05/03/2021
Italy,ClosSecPartial,27/04/2021,08/06/2021
Italy,ClosureOfPublicTransportPartial,05/11/2020,03/12/2020
Italy,ClosureOfPublicTransportPartial,15/01/2021,06/04/2021
Italy,EntertainmentVenues,10/03/2020,17/05/2020
Italy,EntertainmentVenues,26/10/2020,26/03/2021
Italy,EntertainmentVenuesPartial,18/05/2020,15/06/2020
Italy,EntertainmentVenuesPartial,06/08/2021,NA
Italy,GymsSportsCentres,10/03/2020,24/05/2020
Italy,GymsSportsCentres,26/10/2020,14/05/2021
Italy,GymsSportsCentresPartial,25/05/2020,25/10/2020
Italy,GymsSportsCentresPartial,15/05/2021,29/05/2021
Italy,GymsSportsCentresPartial,06/08/2021,NA
Italy,IndoorOver500,07/08/2020,05/11/2020
Italy,IndoorOver500,26/04/2021,NA
Italy,MasksMandatoryAllSpaces,26/04/2020,14/07/2020
Italy,MasksMandatoryAllSpaces,08/10/2020,27/06/2021
Italy,MasksMandatoryAllSpacesPartial,16/08/2020,07/10/2020
Italy,MasksMandatoryClosedSpaces,15/07/2020,15/08/2020
Italy,MassGather50,09/03/2020,11/06/2020
Italy,MassGather50,06/11/2020,25/04/2021
Italy,MassGather50Partial,04/03/2020,08/03/2020
Italy,MassGatherAll,09/03/2020,11/06/2020
Italy,MassGatherAll,06/11/2020,NA
Italy,MassGatherAllPartial,04/03/2020,08/03/2020
Italy,MassGatherAllPartial,12/06/2020,05/11/2020
Italy,NonEssentialShops,10/03/2020,13/04/2020
Italy,NonEssentialShops,24/12/2020,06/01/2021
Italy,NonEssentialShopsPartial,14/04/2020,18/05/2020
Italy,OutdoorOver1000,12/06/2020,05/11/2020
Italy,OutdoorOver1000,26/04/2021,NA
Italy,PlaceOfWorship,10/03/2020,15/06/2020
Italy,PrivateGatheringRestrictionsPartial,22/02/2021,NA
Italy,QuarantineForInternationalTravellers,04/03/2020,10/03/2020
Italy,QuarantineForInternationalTravellers,12/06/2020,30/04/2021
Italy,RegionalStayHomeOrderPartial,22/10/2020,21/06/2021
Italy,RestaurantsCafes,24/12/2020,06/01/2021
Italy,RestaurantsCafesPartial,10/03/2020,18/05/2020
Italy,RestaurantsCafesPartial,18/10/2020,23/12/2020
Italy,RestaurantsCafesPartial,07/01/2021,01/04/2021
Italy,RestaurantsCafesPartial,26/04/2021,21/06/2021
Italy,RestaurantsCafesPartial,06/08/2021,NA
Italy,StayHomeGen,26/10/2020,04/11/2020
Italy,StayHomeOrder,10/03/2020,04/05/2020
Italy,StayHomeOrderPartial,05/11/2020,21/06/2021
Italy,StayHomeRiskG,04/03/2020,06/05/2021
Italy,Teleworking,12/03/2020,10/06/2020
Italy,Teleworking,16/10/2020,NA
Latvia,BanOnAllEventsPartial,09/11/2020,22/06/2021
Latvia,ClosHigh,17/03/2020,31/08/2020
Latvia,ClosPrim,17/03/2020,31/08/2020
Latvia,ClosPrimPartial,02/11/2020,10/08/2021
Latvia,ClosPubAny,17/03/2020,11/05/2020
Latvia,ClosPubAnyPartial,12/05/2020,10/06/2020
Latvia,ClosPubAnyPartial,11/07/2020,NA
Latvia,ClosSec,26/10/2020,06/04/2021
Latvia,ClosSecPartial,17/03/2020,07/05/2020
Latvia,ClosSecPartial,07/04/2021,10/08/2021
Latvia,EntertainmentVenues,17/03/2020,10/06/2020
Latvia,GymsSportsCentres,17/03/2020,11/05/2020
Latvia,GymsSportsCentres,03/12/2020,07/03/2021
Latvia,GymsSportsCentresPartial,12/05/2020,10/06/2020
Latvia,IndoorOver100,10/06/2020,31/07/2020
Latvia,IndoorOver500,01/08/2020,08/11/2020
Latvia,MasksMandatoryClosedSpacesPartial,12/05/2020,30/06/2020
Latvia,MasksMandatoryClosedSpacesPartial,07/10/2020,NA
Latvia,MasksVoluntaryAllSpacesPartial,17/03/2020,30/06/2020
Latvia,MassGather50Partial,09/11/2020,22/06/2021
Latvia,MassGatherAll,01/08/2020,08/11/2020
Latvia,MassGatherAllPartial,10/06/2020,31/07/2020
Latvia,NonEssentialShopsPartial,09/11/2020,02/06/2021
Latvia,OutdoorOver1000,01/07/2020,31/07/2020
Latvia,OutdoorOver1000,10/10/2020,29/10/2020
Latvia,OutdoorOver500,10/06/2020,30/06/2020
Latvia,OutdoorOver500,30/10/2020,08/11/2020
Latvia,PlaceOfWorship,17/03/2020,11/05/2020
Latvia,PlaceOfWorshipPartial,12/05/2020,10/06/2020
Latvia,PlaceOfWorshipPartial,09/11/2020,06/04/2021
Latvia,PrivateGatheringRestrictions,17/03/2020,10/06/2020
Latvia,PrivateGatheringRestrictionsPartial,17/10/2020,NA
Latvia,QuarantineForInternationalTravellers,12/03/2020,11/05/2020
Latvia,QuarantineForInternationalTravellersPartial,12/05/2020,NA
Latvia,RestaurantsCafes,09/11/2020,06/05/2021
Latvia,RestaurantsCafesPartial,11/07/2020,08/11/2020
Latvia,RestaurantsCafesPartial,07/05/2021,NA
Latvia,StayHomeOrderPartial,24/12/2020,07/02/2021
Liechtenstein,BanOnAllEvents,14/03/2020,05/06/2020
Liechtenstein,BanOnAllEvents,20/12/2020,23/05/2021
Liechtenstein,ClosDaycare,16/03/2020,11/05/2020
Liechtenstein,ClosHigh,16/03/2020,08/06/2020
Liechtenstein,ClosPrim,16/03/2020,08/06/2020
Liechtenstein,ClosPubAny,24/10/2020,29/11/2020
Liechtenstein,ClosPubAny,20/12/2020,28/02/2021
Liechtenstein,ClosPubAnyPartial,12/03/2020,06/06/2020
Liechtenstein,ClosPubAnyPartial,30/11/2020,19/12/2020
Liechtenstein,ClosSec,16/03/2020,08/06/2020
Liechtenstein,EntertainmentVenues,17/03/2020,06/06/2020
Liechtenstein,EntertainmentVenues,20/12/2020,25/04/2021
Liechtenstein,EntertainmentVenuesPartial,12/12/2020,19/12/2020
Liechtenstein,GymsSportsCentres,12/01/2021,28/02/2021
Liechtenstein,GymsSportsCentresPartial,12/03/2020,06/06/2020
Liechtenstein,IndoorOver1000,28/02/2020,13/03/2020
Liechtenstein,IndoorOver1000,03/07/2020,19/12/2020
Liechtenstein,IndoorOver50,24/05/2021,13/06/2021
Liechtenstein,IndoorOver500,06/06/2020,02/07/2020
Liechtenstein,IndoorOver500,14/06/2021,04/07/2021
Liechtenstein,MasksMandatoryAllSpaces,20/12/2020,04/07/2021
Liechtenstein,MasksMandatoryClosedSpaces,20/10/2020,19/12/2020
Liechtenstein,MasksMandatoryClosedSpacesPartial,06/07/2020,19/10/2020
Liechtenstein,MasksVoluntaryClosedSpacesPartial,13/05/2020,05/07/2020
Liechtenstein,MassGather50,14/03/2020,05/06/2020
Liechtenstein,MassGather50,20/12/2020,23/05/2021
Liechtenstein,MassGather50Partial,24/05/2021,13/06/2021
Liechtenstein,MassGatherAll,28/02/2020,02/07/2020
Liechtenstein,MassGatherAll,20/12/2020,23/05/2021
Liechtenstein,MassGatherAllPartial,03/07/2020,19/12/2020
Liechtenstein,MassGatherAllPartial,24/05/2021,13/06/2021
Liechtenstein,NonEssentialShops,17/03/2020,27/04/2020
Liechtenstein,OutdoorOver1000,28/02/2020,13/03/2020
Liechtenstein,OutdoorOver1000,03/07/2020,19/12/2020
Liechtenstein,OutdoorOver50,24/05/2021,13/06/2021
Liechtenstein,OutdoorOver500,06/06/2020,02/07/2020
Liechtenstein,OutdoorOver500,14/06/2021,04/07/2021
Liechtenstein,PrivateGatheringRestrictions,16/03/2020,20/05/2020
Liechtenstein,PrivateGatheringRestrictions,19/10/2020,13/06/2021
Liechtenstein,PrivateGatheringRestrictionsPartial,14/06/2021,28/06/2021
Liechtenstein,RestaurantsCafes,17/03/2020,15/05/2020
Liechtenstein,RestaurantsCafes,24/10/2020,29/11/2020
Liechtenstein,RestaurantsCafes,20/12/2020,25/04/2021
Liechtenstein,RestaurantsCafesPartial,30/11/2020,19/12/2020
Liechtenstein,StayHomeGen,21/03/2020,18/05/2020
Lithuania,BanOnAllEvents,12/03/2020,31/05/2020
Lithuania,BanOnAllEvents,07/11/2020,18/04/2021
Lithuania,BanOnAllEventsPartial,19/04/2021,09/05/2021
Lithuania,ClosDaycare,16/03/2020,26/04/2020
Lithuania,ClosDaycarePartial,27/04/2020,17/05/2020
Lithuania,ClosHigh,16/03/2020,24/05/2020
Lithuania,ClosHigh,07/11/2020,23/05/2021
Lithuania,ClosHighPartial,25/05/2020,29/05/2020
Lithuania,ClosHighPartial,01/09/2020,06/11/2020
Lithuania,ClosHighPartial,24/05/2021,30/06/2021
Lithuania,ClosPrim,16/03/2020,24/05/2020
Lithuania,ClosPrim,04/01/2021,31/05/2021
Lithuania,ClosPrimPartial,25/05/2020,23/06/2020
Lithuania,ClosSec,16/03/2020,29/05/2020
Lithuania,ClosSec,07/11/2020,02/05/2021
Lithuania,ClosSecPartial,30/05/2020,30/06/2020
Lithuania,ClosSecPartial,01/09/2020,06/11/2020
Lithuania,ClosSecPartial,03/05/2021,30/06/2021
Lithuania,EntertainmentVenues,16/03/2020,26/04/2020
Lithuania,EntertainmentVenues,16/12/2020,05/03/2021
Lithuania,EntertainmentVenuesPartial,27/04/2020,17/07/2020
Lithuania,EntertainmentVenuesPartial,26/10/2020,15/12/2020
Lithuania,EntertainmentVenuesPartial,27/04/2021,30/06/2021
Lithuania,GymsSportsCentres,07/11/2020,02/05/2021
Lithuania,GymsSportsCentresPartial,16/03/2020,16/06/2020
Lithuania,GymsSportsCentresPartial,03/05/2021,30/06/2021
Lithuania,HotelsOtherAccommodationPartial,07/11/2020,31/05/2021
Lithuania,IndoorOver100,17/06/2020,15/08/2020
Lithuania,IndoorOver100,01/09/2020,06/11/2020
Lithuania,IndoorOver100,10/05/2021,30/06/2021
Lithuania,IndoorOver50,01/06/2020,16/06/2020
Lithuania,IndoorOver500,16/08/2020,31/08/2020
Lithuania,MasksMandatoryAllSpaces,10/04/2020,29/04/2020
Lithuania,MasksMandatoryAllSpaces,07/11/2020,24/02/2021
Lithuania,MasksMandatoryAllSpacesPartial,30/04/2020,15/06/2020
Lithuania,MasksMandatoryAllSpacesPartial,21/08/2020,06/11/2020
Lithuania,MasksMandatoryAllSpacesPartial,25/02/2021,30/06/2021
Lithuania,MasksMandatoryClosedSpacesPartial,01/08/2020,20/08/2020
Lithuania,MasksVoluntaryAllSpaces,23/03/2020,09/04/2020
Lithuania,MasksVoluntaryAllSpaces,16/06/2020,31/07/2020
Lithuania,MassGather50,12/03/2020,16/06/2020
Lithuania,MassGather50,07/11/2020,18/04/2021
Lithuania,MassGather50Partial,19/04/2021,09/05/2021
Lithuania,MassGatherAll,12/03/2020,31/08/2020
Lithuania,MassGatherAll,30/10/2020,18/04/2021
Lithuania,MassGatherAll,02/06/2021,30/06/2021
Lithuania,MassGatherAllPartial,01/09/2020,29/10/2020
Lithuania,MassGatherAllPartial,19/04/2021,01/06/2021
Lithuania,NonEssentialShops,16/03/2020,22/04/2020
Lithuania,NonEssentialShops,16/12/2020,14/02/2021
Lithuania,NonEssentialShopsPartial,23/04/2020,15/12/2020
Lithuania,NonEssentialShopsPartial,15/02/2021,30/06/2021
Lithuania,OutdoorOver100,01/06/2020,16/06/2020
Lithuania,OutdoorOver100,01/09/2020,06/11/2020
Lithuania,OutdoorOver100,10/05/2021,01/06/2021
Lithuania,OutdoorOver1000,01/07/2020,31/08/2020
Lithuania,OutdoorOver500,17/06/2020,30/06/2020
Lithuania,PlaceOfWorship,16/03/2020,26/04/2020
Lithuania,PlaceOfWorshipPartial,27/04/2020,16/06/2020
Lithuania,PlaceOfWorshipPartial,07/11/2020,30/06/2021
Lithuania,PrivateGatheringRestrictions,07/11/2020,15/12/2020
Lithuania,PrivateGatheringRestrictionsPartial,19/03/2020,08/06/2020
Lithuania,PrivateGatheringRestrictionsPartial,24/05/2021,30/06/2021
Lithuania,QuarantineForInternationalTravellers,17/03/2020,13/06/2021
Lithuania,QuarantineForInternationalTravellersPartial,24/02/2020,16/03/2020
Lithuania,RestaurantsCafes,16/03/2020,22/04/2020
Lithuania,RestaurantsCafes,07/11/2020,21/04/2021
Lithuania,RestaurantsCafesPartial,23/04/2020,06/11/2020
Lithuania,SocialCircle,16/12/2020,30/04/2021
Lithuania,StayHomeGen,16/03/2020,16/06/2020
Lithuania,StayHomeGen,07/11/2020,15/12/2020
Lithuania,StayHomeOrder,16/12/2020,31/03/2021
Lithuania,Teleworking,10/03/2020,06/11/2020
Lithuania,Teleworking,01/07/2021,NA
Lithuania,TeleworkingPartial,07/11/2020,30/06/2021
Luxembourg,ClosDaycare,16/03/2020,24/05/2020
Luxembourg,ClosDaycare,28/12/2020,10/01/2021
Luxembourg,ClosHigh,16/03/2020,24/05/2020
Luxembourg,ClosHigh,28/12/2020,10/01/2021
Luxembourg,ClosPrim,16/03/2020,24/05/2020
Luxembourg,ClosPrim,28/12/2020,10/01/2021
Luxembourg,ClosSec,16/03/2020,04/05/2020
Luxembourg,ClosSec,28/12/2020,10/01/2021
Luxembourg,ClosSecPartial,05/05/2020,26/05/2020
Luxembourg,ClosureOfPublicTransportPartial,16/03/2020,08/06/2020
Luxembourg,EntertainmentVenues,16/03/2020,10/05/2020
Luxembourg,EntertainmentVenues,26/11/2020,15/01/2021
Luxembourg,EntertainmentVenuesPartial,11/05/2020,25/11/2020
Luxembourg,GymsSportsCentres,16/03/2020,29/05/2020
Luxembourg,GymsSportsCentres,26/11/2020,10/01/2021
Luxembourg,IndoorOver100,17/03/2020,10/05/2020
Luxembourg,IndoorOver100,22/09/2020,15/05/2021
Luxembourg,IndoorOver1000,09/03/2020,16/03/2020
Luxembourg,IndoorOver50,11/05/2020,21/09/2020
Luxembourg,IndoorOver500,16/05/2021,21/06/2021
Luxembourg,MassGather50Partial,11/05/2020,21/09/2020
Luxembourg,MassGatherAll,09/03/2020,16/03/2020
Luxembourg,MassGatherAll,22/09/2020,12/06/2021
Luxembourg,MassGatherAllPartial,17/03/2020,21/09/2020
Luxembourg,NonEssentialShops,16/03/2020,19/04/2020
Luxembourg,NonEssentialShopsPartial,20/04/2020,11/05/2020
Luxembourg,OutdoorOver100,22/09/2020,12/06/2021
Luxembourg,OutdoorOver50,19/07/2020,21/09/2020
Luxembourg,OutdoorOver500,17/03/2020,18/07/2020
Luxembourg,PrivateGatheringRestrictions,16/03/2020,11/05/2020
Luxembourg,PrivateGatheringRestrictions,19/07/2020,12/06/2021
Luxembourg,QuarantineForInternationalTravellers,06/05/2021,15/05/2021
Luxembourg,RestaurantsCafes,16/03/2020,29/05/2020
Luxembourg,RestaurantsCafes,27/11/2020,06/04/2021
Luxembourg,RestaurantsCafesPartial,30/05/2020,26/11/2020
Luxembourg,StayHomeOrder,18/03/2020,19/04/2020
Luxembourg,StayHomeOrderPartial,20/04/2020,11/05/2020
Luxembourg,StayHomeOrderPartial,30/10/2020,12/06/2021
Luxembourg,StayHomeRiskG,12/03/2020,27/06/2020
Malta,BanOnAllEvents,13/03/2020,25/04/2021
Malta,ClosDaycare,13/03/2020,30/06/2020
Malta,ClosDaycare,15/03/2021,11/04/2021
Malta,ClosHigh,13/03/2020,30/06/2020
Malta,ClosPrim,13/03/2020,30/06/2020
Malta,ClosPrim,15/03/2021,11/04/2021
Malta,ClosPubAny,18/03/2020,21/05/2020
Malta,ClosPubAny,11/03/2021,25/04/2021
Malta,ClosPubAnyPartial,22/05/2020,10/03/2021
Malta,ClosPubAnyPartial,26/04/2021,NA
Malta,ClosSec,13/03/2020,30/06/2020
Malta,ClosSec,15/03/2021,11/04/2021
Malta,EntertainmentVenues,18/03/2020,21/05/2020
Malta,EntertainmentVenues,11/03/2021,25/04/2021
Malta,EntertainmentVenuesPartial,17/08/2020,10/03/2021
Malta,EntertainmentVenuesPartial,26/04/2021,27/06/2021
Malta,GymsSportsCentres,18/03/2020,02/06/2020
Malta,GymsSportsCentres,11/03/2021,09/05/2021
Malta,GymsSportsCentresPartial,03/06/2020,10/03/2021
Malta,GymsSportsCentresPartial,10/05/2021,NA
Malta,IndoorOver100,05/07/2021,18/07/2021
Malta,MasksMandatoryAllSpaces,22/05/2020,30/06/2021
Malta,MassGather50,13/03/2020,25/04/2021
Malta,MassGatherAll,13/03/2020,25/04/2021
Malta,NonEssentialShops,23/03/2020,21/05/2020
Malta,NonEssentialShops,10/03/2021,10/05/2021
Malta,NonEssentialShopsPartial,22/05/2020,09/03/2021
Malta,PlaceOfWorship,20/08/2020,30/03/2021
Malta,PrivateGatheringRestrictions,17/08/2020,25/04/2021
Malta,PrivateGatheringRestrictions,24/05/2021,NA
Malta,QuarantineForInternationalTravellers,13/03/2020,26/07/2021
Malta,QuarantineForInternationalTravellersPartial,27/07/2021,NA
Malta,RestaurantsCafes,18/03/2020,21/05/2020
Malta,RestaurantsCafes,11/03/2021,09/05/2021
Malta,RestaurantsCafesPartial,22/05/2020,10/03/2021
Malta,RestaurantsCafesPartial,10/05/2021,NA
Malta,StayHomeRiskG,28/03/2020,02/06/2020
Malta,Teleworking,08/05/2020,NA
Netherlands,AdaptationOfWorkplace,25/03/2020,02/03/2021
Netherlands,AdaptationOfWorkplace,19/05/2021,NA
Netherlands,AdaptationOfWorkplacePartial,03/03/2021,18/05/2021
Netherlands,BanOnAllEvents,23/03/2020,31/05/2020
Netherlands,BanOnAllEvents,04/11/2020,04/06/2021
Netherlands,BanOnAllEventsPartial,14/10/2020,03/11/2020
Netherlands,BanOnAllEventsPartial,05/06/2021,25/06/2021
Netherlands,ClosDaycare,16/03/2020,10/05/2020
Netherlands,ClosDaycare,16/12/2020,07/02/2021
Netherlands,ClosDaycarePartial,08/06/2020,01/07/2020
Netherlands,ClosDaycarePartial,08/02/2021,18/04/2021
Netherlands,ClosHigh,12/03/2020,14/06/2020
Netherlands,ClosHigh,16/12/2020,25/04/2021
Netherlands,ClosHighPartial,15/06/2020,01/09/2020
Netherlands,ClosPrim,16/03/2020,10/05/2020
Netherlands,ClosPrim,16/12/2020,07/02/2021
Netherlands,ClosPrimPartial,11/05/2020,08/06/2020
Netherlands,ClosPubAnyPartial,12/03/2020,25/06/2021
Netherlands,ClosSec,16/03/2020,01/06/2020
Netherlands,ClosSec,16/12/2020,28/02/2021
Netherlands,ClosSecPartial,02/06/2020,30/06/2020
Netherlands,ClosSecPartial,01/03/2021,31/05/2021
Netherlands,ClosureOfPublicTransportPartial,12/03/2020,31/05/2020
Netherlands,ClosureOfPublicTransportPartial,15/12/2020,18/05/2021
Netherlands,EntertainmentVenues,12/03/2020,31/05/2020
Netherlands,EntertainmentVenues,04/11/2020,18/05/2021
Netherlands,EntertainmentVenuesPartial,01/06/2020,03/11/2020
Netherlands,EntertainmentVenuesPartial,19/05/2021,25/06/2021
Netherlands,GymsSportsCentres,16/03/2020,28/04/2020
Netherlands,GymsSportsCentres,15/12/2020,18/05/2021
Netherlands,GymsSportsCentresPartial,29/04/2020,30/06/2020
Netherlands,GymsSportsCentresPartial,14/10/2020,14/12/2020
Netherlands,GymsSportsCentresPartial,19/05/2021,04/06/2021
Netherlands,IndoorOver100,12/03/2020,22/03/2020
Netherlands,IndoorOver100,01/06/2020,28/09/2020
Netherlands,IndoorOver50,29/09/2020,13/10/2020
Netherlands,MasksMandatoryClosedSpaces,01/12/2020,25/06/2021
Netherlands,MasksMandatoryClosedSpacesPartial,01/06/2020,04/10/2020
Netherlands,MasksVoluntaryClosedSpacesPartial,05/10/2020,30/11/2020
Netherlands,MassGather50,23/03/2020,31/05/2020
Netherlands,MassGather50,29/09/2020,13/10/2020
Netherlands,MassGather50,04/11/2020,04/06/2021
Netherlands,MassGather50Partial,14/10/2020,03/11/2020
Netherlands,MassGather50Partial,05/06/2021,25/06/2021
Netherlands,MassGatherAll,12/03/2020,30/06/2020
Netherlands,MassGatherAll,29/09/2020,13/10/2020
Netherlands,MassGatherAll,04/11/2020,04/06/2021
Netherlands,MassGatherAllPartial,01/07/2020,28/09/2020
Netherlands,MassGatherAllPartial,14/10/2020,03/11/2020
Netherlands,NonEssentialShops,15/12/2020,02/03/2021
Netherlands,NonEssentialShopsPartial,03/03/2021,04/06/2021
Netherlands,OutdoorOver100,12/03/2020,22/03/2020
Netherlands,OutdoorOver50,29/09/2020,13/10/2020
Netherlands,OutdoorOver500,01/07/2020,28/09/2020
Netherlands,PlaceOfWorship,16/03/2020,31/05/2020
Netherlands,PlaceOfWorshipPartial,01/06/2020,30/06/2020
Netherlands,PrivateGatheringRestrictions,23/03/2020,30/06/2020
Netherlands,PrivateGatheringRestrictions,18/08/2020,25/06/2021
Netherlands,PrivateGatheringRestrictionsPartial,10/07/2021,13/08/2021
Netherlands,RestaurantsCafes,15/03/2020,31/05/2020
Netherlands,RestaurantsCafes,14/10/2020,27/04/2021
Netherlands,RestaurantsCafesPartial,01/06/2020,30/06/2020
Netherlands,RestaurantsCafesPartial,29/09/2020,13/10/2020
Netherlands,RestaurantsCafesPartial,28/04/2021,04/06/2021
Netherlands,StayHomeGen,18/03/2020,10/05/2020
Netherlands,StayHomeGen,15/12/2020,22/01/2021
Netherlands,StayHomeGen,29/04/2021,04/06/2021
Netherlands,StayHomeGenPartial,11/05/2020,01/06/2020
Netherlands,StayHomeGenPartial,04/11/2020,14/12/2020
Netherlands,StayHomeOrderPartial,23/01/2021,28/04/2021
Netherlands,StayHomeRiskG,13/03/2020,26/06/2020
Netherlands,Teleworking,12/03/2020,31/05/2020
Netherlands,Teleworking,18/08/2020,25/06/2021
Netherlands,Teleworking,19/07/2021,NA
Netherlands,TeleworkingPartial,01/06/2020,17/08/2020
Netherlands,TeleworkingPartial,26/06/2021,18/07/2021
Netherlands,WorkplaceClosures,23/03/2020,10/05/2020
Netherlands,WorkplaceClosures,15/12/2020,02/03/2021
Netherlands,WorkplaceClosuresPartial,03/03/2021,27/04/2021
Norway,BanOnAllEvents,12/03/2020,06/05/2020
Norway,ClosDaycare,12/03/2020,20/04/2020
Norway,ClosDaycarePartial,08/07/2021,NA
Norway,ClosHigh,12/03/2020,14/06/2020
Norway,ClosHigh,04/01/2021,18/02/2021
Norway,ClosHighPartial,09/11/2020,03/01/2021
Norway,ClosPrim,12/03/2020,26/04/2020
Norway,ClosPubAny,12/03/2020,31/05/2020
Norway,ClosSec,12/03/2020,11/05/2020
Norway,ClosSecPartial,04/01/2021,17/01/2021
Norway,EntertainmentVenues,12/03/2020,31/05/2020
Norway,EntertainmentVenuesPartial,01/06/2020,03/01/2021
Norway,GymsSportsCentres,12/03/2020,14/05/2020
Norway,GymsSportsCentres,03/01/2021,17/01/2021
Norway,GymsSportsCentres,25/03/2021,15/04/2021
Norway,GymsSportsCentresPartial,18/01/2021,24/03/2021
Norway,IndoorOver100,19/02/2021,24/03/2021
Norway,IndoorOver100,16/04/2021,17/06/2021
Norway,IndoorOver50,07/05/2020,14/06/2020
Norway,IndoorOver50,25/03/2021,15/04/2021
Norway,IndoorOver500,15/06/2020,18/02/2021
Norway,MassGather50,12/03/2020,14/06/2020
Norway,MassGather50,25/03/2021,15/04/2021
Norway,MassGatherAll,12/03/2020,14/06/2020
Norway,MassGatherAll,12/10/2020,26/05/2021
Norway,MassGatherAllPartial,15/06/2020,11/10/2020
Norway,MassGatherAllPartial,27/05/2021,17/06/2021
Norway,OutdoorOver50,07/05/2020,14/06/2020
Norway,OutdoorOver50,25/03/2021,15/04/2021
Norway,OutdoorOver500,15/06/2020,24/03/2021
Norway,OutdoorOver500,16/04/2021,17/06/2021
Norway,QuarantineForInternationalTravellers,15/07/2020,05/03/2021
Norway,QuarantineForInternationalTravellers,29/03/2021,11/06/2021
Norway,QuarantineForInternationalTravellersPartial,07/05/2020,14/07/2020
Norway,QuarantineForInternationalTravellersPartial,06/03/2021,28/03/2021
Norway,RestaurantsCafes,12/03/2020,31/05/2020
Norway,StayHomeGen,05/11/2020,03/01/2021
Norway,StayHomeRiskG,12/03/2020,01/06/2020
Norway,Teleworking,10/03/2020,17/06/2021
Poland,BanOnAllEvents,14/03/2020,03/05/2020
Poland,BanOnAllEvents,07/11/2020,07/05/2021
Poland,BanOnAllEventsPartial,17/07/2020,06/08/2020
Poland,ClosDaycare,12/03/2020,06/05/2020
Poland,ClosDaycarePartial,27/03/2021,18/04/2021
Poland,ClosHigh,12/03/2020,24/05/2020
Poland,ClosHighPartial,25/05/2020,31/08/2020
Poland,ClosPrim,12/03/2020,24/05/2020
Poland,ClosPrim,10/11/2020,17/01/2021
Poland,ClosPrim,20/03/2021,25/04/2021
Poland,ClosPrimPartial,25/05/2020,30/06/2020
Poland,ClosPrimPartial,24/10/2020,09/11/2020
Poland,ClosPrimPartial,18/01/2021,19/03/2021
Poland,ClosPrimPartial,26/04/2021,28/05/2021
Poland,ClosPubAny,14/03/2020,14/03/2020
Poland,ClosSec,12/03/2020,24/05/2020
Poland,ClosSec,24/10/2020,14/05/2021
Poland,ClosSecPartial,25/05/2020,30/06/2020
Poland,ClosSecPartial,01/09/2020,23/10/2020
Poland,ClosSecPartial,15/05/2021,28/05/2021
Poland,ClosureOfPublicTransportPartial,15/03/2020,26/06/2021
Poland,EntertainmentVenues,14/03/2020,06/06/2020
Poland,EntertainmentVenues,24/10/2020,31/01/2021
Poland,EntertainmentVenues,20/03/2021,03/05/2021
Poland,EntertainmentVenuesPartial,07/06/2020,23/10/2020
Poland,EntertainmentVenuesPartial,01/02/2021,19/03/2021
Poland,GymsSportsCentres,14/03/2020,04/06/2020
Poland,GymsSportsCentres,20/03/2021,15/04/2021
Poland,GymsSportsCentresPartial,05/06/2020,06/08/2020
Poland,HotelsOtherAccommodation,14/03/2020,04/05/2020
Poland,IndoorOver100,10/10/2020,16/10/2020
Poland,IndoorOver50,23/10/2020,06/11/2020
Poland,IndoorOver50,28/05/2021,05/06/2021
Poland,IndoorOver500,10/03/2020,13/03/2020
Poland,IndoorOver500,07/08/2020,09/10/2020
Poland,MasksMandatoryAllSpaces,16/04/2020,29/05/2020
Poland,MasksMandatoryAllSpaces,10/10/2020,14/05/2021
Poland,MasksMandatoryClosedSpacesPartial,30/05/2020,18/09/2020
Poland,MassGather50,14/03/2020,03/05/2020
Poland,MassGather50,23/10/2020,07/05/2021
Poland,MassGather50,28/05/2021,05/06/2021
Poland,MassGather50Partial,17/07/2020,06/08/2020
Poland,MassGatherAll,10/03/2020,03/05/2020
Poland,MassGatherAll,30/05/2020,18/06/2020
Poland,MassGatherAll,23/10/2020,07/05/2021
Poland,MassGatherAll,28/05/2021,05/06/2021
Poland,MassGatherAllPartial,19/06/2020,16/10/2020
Poland,NonEssentialShops,14/03/2020,17/05/2020
Poland,NonEssentialShops,07/11/2020,31/01/2021
Poland,NonEssentialShops,20/03/2021,25/04/2021
Poland,NonEssentialShopsPartial,01/02/2021,19/03/2021
Poland,OutdoorOver100,30/05/2020,16/07/2020
Poland,OutdoorOver50,28/05/2021,05/06/2021
Poland,OutdoorOver500,07/08/2020,10/10/2020
Poland,PlaceOfWorshipPartial,19/04/2020,30/05/2020
Poland,PrivateGatheringRestrictions,02/04/2020,29/05/2020
Poland,PrivateGatheringRestrictions,17/10/2020,07/05/2021
Poland,PrivateGatheringRestrictionsPartial,08/05/2021,27/05/2021
Poland,RestaurantsCafes,14/03/2020,17/05/2020
Poland,RestaurantsCafes,24/10/2020,14/05/2021
Poland,RestaurantsCafesPartial,18/05/2020,29/05/2020
Poland,StayHomeGen,20/04/2020,04/05/2020
Poland,StayHomeOrder,24/03/2020,19/04/2020
Poland,StayHomeRiskG,08/03/2020,NA
Portugal,BanOnAllEvents,04/05/2020,15/04/2021
Portugal,BanOnAllEventsPartial,16/04/2021,28/06/2021
Portugal,ClosDaycare,16/03/2020,17/05/2020
Portugal,ClosDaycare,22/01/2021,14/03/2021
Portugal,ClosDaycarePartial,18/05/2020,31/05/2020
Portugal,ClosHigh,16/03/2020,17/05/2020
Portugal,ClosHigh,22/01/2021,15/04/2021
Portugal,ClosHighPartial,18/05/2020,07/09/2020
Portugal,ClosPrim,16/03/2020,14/09/2020
Portugal,ClosPrim,22/01/2021,14/03/2021
Portugal,ClosPubAny,13/03/2020,17/03/2020
Portugal,ClosSec,16/03/2020,17/05/2020
Portugal,ClosSec,22/01/2021,31/03/2021
Portugal,ClosSecPartial,18/05/2020,14/09/2020
Portugal,ClosSecPartial,01/04/2021,15/04/2021
Portugal,EntertainmentVenues,13/03/2020,17/05/2020
Portugal,EntertainmentVenues,15/01/2021,15/04/2021
Portugal,EntertainmentVenuesPartial,18/05/2020,01/06/2020
Portugal,EntertainmentVenuesPartial,24/11/2020,14/01/2021
Portugal,GymsSportsCentres,15/03/2020,03/05/2020
Portugal,GymsSportsCentres,15/01/2021,31/03/2021
Portugal,GymsSportsCentresPartial,04/05/2020,23/11/2020
Portugal,GymsSportsCentresPartial,01/04/2021,30/04/2021
Portugal,GymsSportsCentresPartial,08/07/2021,31/07/2021
Portugal,IndoorOver100,15/03/2020,03/05/2020
Portugal,MasksMandatoryClosedSpaces,04/05/2020,27/10/2020
Portugal,MasksVoluntaryAllSpaces,15/10/2020,27/10/2020
Portugal,MassGather50,04/05/2020,15/04/2021
Portugal,MassGather50Partial,16/04/2021,28/06/2021
Portugal,MassGatherAll,15/03/2020,15/04/2021
Portugal,MassGatherAllPartial,16/04/2021,28/06/2021
Portugal,NonEssentialShops,15/03/2020,03/05/2020
Portugal,NonEssentialShops,15/01/2021,31/03/2021
Portugal,NonEssentialShopsPartial,04/05/2020,23/11/2020
Portugal,NonEssentialShopsPartial,01/04/2021,28/06/2021
Portugal,OutdoorOver100,15/03/2020,03/05/2020
Portugal,PlaceOfWorship,13/03/2020,30/05/2020
Portugal,PrivateGatheringRestrictions,03/05/2020,28/06/2021
Portugal,QuarantineForInternationalTravellers,27/02/2020,17/03/2020
Portugal,QuarantineForInternationalTravellers,31/01/2021,28/06/2021
Portugal,RegionalStayHomeOrder,02/04/2020,03/05/2020
Portugal,RestaurantsCafes,15/03/2020,31/05/2020
Portugal,RestaurantsCafes,15/11/2020,31/03/2021
Portugal,StayHomeGen,01/05/2021,28/06/2021
Portugal,StayHomeOrder,19/03/2020,02/05/2020
Portugal,StayHomeOrder,15/01/2021,30/04/2021
Portugal,StayHomeRiskG,18/03/2020,02/05/2020
Portugal,Teleworking,16/03/2020,31/05/2020
Portugal,Teleworking,15/01/2021,30/04/2021
Portugal,TeleworkingPartial,01/06/2020,22/10/2020
Romania,ClosDaycare,16/03/2020,14/06/2020
Romania,ClosDaycare,09/11/2020,23/12/2020
Romania,ClosDaycare,11/01/2021,07/02/2021
Romania,ClosDaycarePartial,15/06/2020,14/09/2020
Romania,ClosHigh,16/03/2020,14/06/2020
Romania,ClosHighPartial,31/08/2020,05/03/2021
Romania,ClosPrim,16/03/2020,14/06/2020
Romania,ClosPrim,09/11/2020,23/12/2020
Romania,ClosPrim,11/01/2021,07/02/2021
Romania,ClosPrimPartial,15/06/2020,14/09/2020
Romania,ClosPubAny,18/03/2020,13/05/2020
Romania,ClosSec,16/03/2020,01/06/2020
Romania,ClosSec,09/11/2020,23/12/2020
Romania,ClosSec,11/01/2021,07/02/2021
Romania,ClosSecPartial,02/06/2020,13/09/2020
Romania,EntertainmentVenues,18/03/2020,13/05/2020
Romania,GymsSportsCentres,18/03/2020,30/05/2020
Romania,GymsSportsCentresPartial,31/05/2020,14/06/2020
Romania,HotelsOtherAccommodation,18/03/2020,15/05/2020
Romania,HotelsOtherAccommodationPartial,15/05/2021,30/06/2021
Romania,IndoorOver100,09/06/2021,30/06/2021
Romania,IndoorOver50,01/09/2020,08/06/2021
Romania,MasksMandatoryAllSpaces,01/08/2020,14/05/2021
Romania,MasksMandatoryClosedSpaces,15/05/2020,31/07/2020
Romania,MassGather50,01/09/2020,08/06/2021
Romania,MassGatherAll,18/03/2020,31/05/2021
Romania,NonEssentialShops,22/03/2020,13/05/2020
Romania,NonEssentialShopsPartial,14/05/2020,14/06/2020
Romania,NonEssentialShopsPartial,05/11/2020,14/05/2021
Romania,OutdoorOver500,18/03/2020,31/08/2020
Romania,OutdoorOver500,15/05/2021,31/05/2021
Romania,PlaceOfWorship,18/03/2020,14/05/2020
Romania,QuarantineForInternationalTravellers,25/03/2020,16/08/2020
Romania,RestaurantsCafes,18/03/2020,31/05/2020
Romania,StayHomeOrderPartial,22/03/2020,13/05/2020
Romania,StayHomeOrderPartial,09/11/2020,14/05/2021
Romania,StayHomeRiskG,25/03/2020,14/05/2020
Slovakia,BanOnAllEvents,10/03/2020,03/06/2020
Slovakia,BanOnAllEventsPartial,02/11/2020,14/11/2020
Slovakia,BanOnAllEventsPartial,30/12/2020,28/04/2021
Slovakia,ClosDaycare,16/03/2020,31/05/2020
Slovakia,ClosDaycarePartial,01/06/2020,30/06/2020
Slovakia,ClosHigh,16/03/2020,09/06/2020
Slovakia,ClosPrim,30/03/2020,31/05/2020
Slovakia,ClosPrimPartial,01/06/2020,30/06/2020
Slovakia,ClosPrimPartial,12/10/2020,11/04/2021
Slovakia,ClosPubAnyPartial,12/03/2020,20/05/2020
Slovakia,ClosSec,16/03/2020,31/05/2020
Slovakia,ClosSec,12/10/2020,15/11/2020
Slovakia,ClosSecPartial,01/06/2020,30/06/2020
Slovakia,EntertainmentVenues,16/03/2020,20/05/2020
Slovakia,EntertainmentVenues,15/10/2020,15/11/2020
Slovakia,EntertainmentVenues,19/12/2020,26/04/2021
Slovakia,EntertainmentVenuesPartial,16/11/2020,18/12/2020
Slovakia,GymsSportsCentres,16/03/2020,20/05/2020
Slovakia,GymsSportsCentres,15/10/2020,15/11/2020
Slovakia,GymsSportsCentres,19/12/2020,25/04/2021
Slovakia,GymsSportsCentresPartial,16/11/2020,18/12/2020
Slovakia,HotelsOtherAccommodation,01/01/2021,10/01/2021
Slovakia,HotelsOtherAccommodationPartial,12/03/2020,20/05/2020
Slovakia,HotelsOtherAccommodationPartial,14/12/2020,31/12/2020
Slovakia,IndoorOver100,04/06/2020,14/06/2020
Slovakia,IndoorOver1000,15/06/2020,31/08/2020
Slovakia,IndoorOver500,01/09/2020,30/09/2020
Slovakia,MasksMandatoryAllSpaces,25/03/2020,09/06/2020
Slovakia,MasksMandatoryAllSpacesPartial,01/10/2020,NA
Slovakia,MasksMandatoryClosedSpaces,10/06/2020,30/09/2020
Slovakia,MassGather50,10/03/2020,03/06/2020
Slovakia,MassGather50Partial,02/11/2020,14/11/2020
Slovakia,MassGather50Partial,30/12/2020,28/04/2021
Slovakia,MassGatherAll,10/03/2020,30/09/2020
Slovakia,MassGatherAllPartial,02/11/2020,14/11/2020
Slovakia,MassGatherAllPartial,30/12/2020,28/04/2021
Slovakia,NonEssentialShops,16/03/2020,21/04/2020
Slovakia,NonEssentialShopsPartial,22/04/2020,20/05/2020
Slovakia,OutdoorOver100,04/06/2020,14/06/2020
Slovakia,OutdoorOver1000,15/06/2020,30/09/2020
Slovakia,QuarantineForInternationalTravellersPartial,12/03/2020,NA
Slovakia,RestaurantsCafes,01/01/2021,25/04/2021
Slovakia,RestaurantsCafesPartial,12/03/2020,20/05/2020
Slovakia,RestaurantsCafesPartial,01/10/2020,31/12/2020
Slovakia,StayHomeOrderPartial,02/11/2020,14/11/2020
Slovakia,StayHomeOrderPartial,01/01/2021,15/05/2021
Slovakia,Teleworking,02/11/2020,18/04/2021
Slovenia,BanOnAllEvents,01/04/2021,11/04/2021
Slovenia,BanOnAllEventsPartial,19/03/2020,04/05/2020
Slovenia,BanOnAllEventsPartial,17/10/2020,31/03/2021
Slovenia,BanOnAllEventsPartial,12/04/2021,18/04/2021
Slovenia,BanOnAllEventsPartial,23/04/2021,14/05/2021
Slovenia,ClosDaycare,12/03/2020,17/05/2020
Slovenia,ClosDaycare,26/10/2020,02/02/2021
Slovenia,ClosDaycare,01/04/2021,11/04/2021
Slovenia,ClosDaycarePartial,18/05/2020,01/06/2020
Slovenia,ClosHigh,12/03/2020,14/10/2020
Slovenia,ClosHigh,24/10/2020,25/01/2021
Slovenia,ClosHigh,01/04/2021,25/04/2021
Slovenia,ClosHighPartial,15/10/2020,23/10/2020
Slovenia,ClosHighPartial,26/01/2021,31/03/2021
Slovenia,ClosPrim,12/03/2020,17/05/2020
Slovenia,ClosPrim,24/10/2020,15/02/2021
Slovenia,ClosPrim,01/04/2021,11/04/2021
Slovenia,ClosPrimPartial,18/05/2020,01/06/2020
Slovenia,ClosPubAny,14/03/2020,28/04/2020
Slovenia,ClosPubAnyPartial,29/04/2020,NA
Slovenia,ClosSec,12/03/2020,17/05/2020
Slovenia,ClosSec,19/10/2020,14/02/2021
Slovenia,ClosSec,01/04/2021,11/04/2021
Slovenia,ClosSecPartial,18/05/2020,24/06/2020
Slovenia,ClosureOfPublicTransport,14/03/2020,30/04/2020
Slovenia,ClosureOfPublicTransport,16/11/2020,15/12/2020
Slovenia,EntertainmentVenues,16/03/2020,28/04/2020
Slovenia,EntertainmentVenues,01/04/2021,11/04/2021
Slovenia,EntertainmentVenuesPartial,29/04/2020,18/12/2020
Slovenia,EntertainmentVenuesPartial,09/01/2021,15/01/2021
Slovenia,EntertainmentVenuesPartial,20/03/2021,31/03/2021
Slovenia,EntertainmentVenuesPartial,12/04/2021,NA
Slovenia,GymsSportsCentres,15/03/2020,17/05/2020
Slovenia,GymsSportsCentres,01/04/2021,16/05/2021
Slovenia,GymsSportsCentresPartial,18/05/2020,01/06/2020
Slovenia,IndoorOver100,10/03/2020,18/03/2020
Slovenia,IndoorOver100,05/05/2020,31/05/2020
Slovenia,IndoorOver100,19/04/2021,22/04/2021
Slovenia,IndoorOver50,15/05/2021,20/06/2021
Slovenia,IndoorOver500,07/03/2020,09/03/2020
Slovenia,MasksMandatoryClosedSpaces,30/03/2020,11/06/2020
Slovenia,MasksMandatoryClosedSpacesPartial,25/06/2020,NA
Slovenia,MassGather50,18/05/2020,31/05/2020
Slovenia,MassGather50,01/04/2021,11/04/2021
Slovenia,MassGather50,15/05/2021,20/06/2021
Slovenia,MassGather50Partial,19/03/2020,04/05/2020
Slovenia,MassGather50Partial,17/10/2020,31/03/2021
Slovenia,MassGather50Partial,12/04/2021,18/04/2021
Slovenia,MassGather50Partial,23/04/2021,14/05/2021
Slovenia,MassGatherAll,07/03/2020,18/03/2020
Slovenia,MassGatherAll,05/05/2020,14/06/2020
Slovenia,MassGatherAll,01/04/2021,11/04/2021
Slovenia,MassGatherAll,19/04/2021,22/04/2021
Slovenia,MassGatherAll,15/05/2021,NA
Slovenia,MassGatherAllPartial,19/03/2020,04/05/2020
Slovenia,MassGatherAllPartial,17/10/2020,31/03/2021
Slovenia,MassGatherAllPartial,12/04/2021,18/04/2021
Slovenia,MassGatherAllPartial,23/04/2021,14/05/2021
Slovenia,NonEssentialShops,15/03/2020,20/04/2020
Slovenia,NonEssentialShops,24/10/2020,14/12/2020
Slovenia,NonEssentialShopsPartial,15/12/2020,NA
Slovenia,OutdoorOver100,19/04/2021,22/04/2021
Slovenia,OutdoorOver50,18/05/2020,31/05/2020
Slovenia,OutdoorOver50,15/05/2021,20/06/2021
Slovenia,OutdoorOver500,10/03/2020,17/03/2020
Slovenia,OutdoorOver500,01/06/2020,14/06/2020
Slovenia,PlaceOfWorship,01/04/2021,11/04/2021
Slovenia,PlaceOfWorshipPartial,12/04/2021,NA
Slovenia,PrivateGatheringRestrictions,19/03/2020,17/05/2020
Slovenia,PrivateGatheringRestrictions,13/11/2020,11/04/2021
Slovenia,PrivateGatheringRestrictionsPartial,14/10/2020,12/11/2020
Slovenia,PrivateGatheringRestrictionsPartial,12/04/2021,NA
Slovenia,RestaurantsCafes,15/03/2020,17/05/2020
Slovenia,RestaurantsCafes,01/04/2021,11/04/2021
Slovenia,RestaurantsCafesPartial,17/10/2020,31/03/2021
Slovenia,RestaurantsCafesPartial,12/04/2021,NA
Slovenia,StayHomeOrderPartial,20/10/2020,12/04/2021
Slovenia,Teleworking,04/03/2020,NA
Slovenia,WorkplaceClosures,15/03/2020,04/05/2020
Spain,AdaptationOfWorkplacePartial,12/03/2020,19/05/2020
Spain,BanOnAllEvents,14/03/2020,24/05/2020
Spain,BanOnAllEvents,23/12/2020,05/01/2021
Spain,BanOnAllEvents,17/03/2021,21/03/2021
Spain,BanOnAllEvents,26/03/2021,09/04/2021
Spain,ClosDaycare,14/03/2020,27/08/2020
Spain,ClosHigh,14/03/2020,27/08/2020
Spain,ClosPrim,14/03/2020,27/08/2020
Spain,ClosPubAnyPartial,14/03/2020,21/06/2020
Spain,ClosPubAnyPartial,14/08/2020,08/05/2021
Spain,ClosPubAnyPartial,04/08/2021,NA
Spain,ClosSec,14/03/2020,27/08/2020
Spain,ClosureOfPublicTransportPartial,14/03/2020,21/06/2020
Spain,EntertainmentVenues,14/03/2020,21/05/2020
Spain,EntertainmentVenues,14/08/2020,08/05/2021
Spain,EntertainmentVenuesPartial,22/05/2020,21/06/2020
Spain,GymsSportsCentres,14/03/2020,23/04/2020
Spain,GymsSportsCentres,25/10/2020,08/05/2021
Spain,GymsSportsCentresPartial,24/04/2020,21/06/2020
Spain,GymsSportsCentresPartial,01/10/2020,24/10/2020
Spain,GymsSportsCentresPartial,04/08/2021,NA
Spain,HotelsOtherAccommodation,14/03/2020,21/05/2020
Spain,HotelsOtherAccommodationPartial,22/05/2020,21/06/2020
Spain,IndoorOver100,30/05/2020,24/10/2020
Spain,IndoorOver50,25/05/2020,29/05/2020
Spain,MasksMandatoryAllSpacesPartial,20/05/2020,NA
Spain,MasksMandatoryClosedSpaces,04/05/2020,19/05/2020
Spain,MassGather50,14/03/2020,29/05/2020
Spain,MassGather50,23/12/2020,05/01/2021
Spain,MassGather50,17/03/2021,21/03/2021
Spain,MassGather50,26/03/2021,09/04/2021
Spain,MassGatherAll,14/03/2020,29/05/2020
Spain,MassGatherAll,23/12/2020,05/01/2021
Spain,MassGatherAll,17/03/2021,21/03/2021
Spain,MassGatherAll,26/03/2021,09/04/2021
Spain,MassGatherAllPartial,30/05/2020,24/10/2020
Spain,NonEssentialShops,14/03/2020,21/05/2020
Spain,NonEssentialShopsPartial,22/05/2020,21/06/2020
Spain,NonEssentialShopsPartial,01/10/2020,08/05/2021
Spain,PlaceOfWorshipPartial,14/03/2020,21/06/2020
Spain,PlaceOfWorshipPartial,01/10/2020,08/05/2021
Spain,PrivateGatheringRestrictionsPartial,25/05/2020,08/05/2021
Spain,QuarantineForInternationalTravellers,15/05/2020,NA
Spain,RegionalStayHomeOrderPartial,25/10/2020,07/06/2021
Spain,RestaurantsCafes,14/03/2020,21/05/2020
Spain,RestaurantsCafesPartial,22/05/2020,21/06/2020
Spain,RestaurantsCafesPartial,14/08/2020,08/05/2021
Spain,SocialCirclePartial,27/08/2020,28/08/2020
Spain,StayHomeGen,12/03/2020,13/03/2020
Spain,StayHomeOrder,14/03/2020,23/04/2020
Spain,StayHomeOrderPartial,24/04/2020,21/06/2020
Spain,StayHomeRiskG,12/03/2020,13/03/2020
Spain,TeleworkingPartial,12/03/2020,13/03/2020
Sweden,AdaptationOfWorkplace,08/07/2020,31/12/2020
Sweden,AdaptationOfWorkplacePartial,25/03/2020,07/07/2020
Sweden,ClosHigh,17/03/2020,31/05/2021
Sweden,ClosSec,18/03/2020,15/06/2020
Sweden,ClosSec,07/12/2020,06/01/2021
Sweden,ClosSec,11/01/2021,01/04/2021
Sweden,ClosSecPartial,23/11/2020,06/12/2020
Sweden,ClosureOfPublicTransportPartial,01/06/2021,15/07/2021
Sweden,EntertainmentVenuesPartial,25/03/2021,31/05/2021
Sweden,GymsSportsCentresPartial,10/01/2021,01/06/2021
Sweden,MasksVoluntaryClosedSpacesPartial,07/01/2021,01/07/2021
Sweden,MassGather50,29/03/2020,31/05/2021
Sweden,NonEssentialShopsPartial,10/01/2021,17/05/2021
Sweden,OutdoorOver50,29/03/2020,31/05/2021
Sweden,StayHomeRiskG,01/04/2020,22/10/2020
